kmeans_cluster,accounts,laundering_accounts,avg_sent_count,avg_received_count,avg_fan_out,avg_fan_in,avg_scatter_gather,laundering_account_rate,method,dbscan_cluster
0.0,4307,1049,1.4815416763408404,1.2535407476201532,0.5054423216543021,0.49877718442844976,1.0849005494930735,0.24355700023218016,kmeans_cluster,
1.0,4633,438,0.04252104467947335,1.2421756960932442,0.014073468800427574,0.47893013885891067,0.5065112598028635,0.09453917548025038,kmeans_cluster,
2.0,2918,1237,7.032213845099383,1.7481151473612062,0.541187235584139,0.5164233765244731,1.6288774111426614,0.4239204934886909,kmeans_cluster,
3.0,1237,450,0.5456750202101859,3.9531123686337915,0.06557264165258465,0.4798150459862679,0.40525297949756905,0.36378334680679064,kmeans_cluster,
4.0,7671,1704,1.6529787511406597,0.00039108330074305825,0.5043992673881466,6.518055012384304e-05,2.3489766653630557,0.2221353148220571,kmeans_cluster,
5.0,5591,1479,0.007690931854766589,1.2695403326775174,0.002137363620103738,0.4974214511417159,0.4810111488702081,0.26453228402790196,kmeans_cluster,
,165,140,94.10303030303031,8.8,0.4139025985077635,0.6893209570712693,10.117649826380477,0.8484848484848485,dbscan_cluster,-1.0
,7659,1694,1.5623449536493015,0.0,0.5041063338164787,0.0,2.3057840449144797,0.221177699438569,dbscan_cluster,0.0
,18533,4523,0.7016133383693951,1.4457454270760266,0.207974564946663,0.4929270310617097,0.7366652277918667,0.24405115199913668,dbscan_cluster,1.0
