fpr,tpr
0.0,0.0
0.0,0.000643915003219575
0.0,0.0051513200257566
2.0832899314597614e-05,0.0051513200257566
2.0832899314597614e-05,0.009658725048293626
4.166579862919523e-05,0.009658725048293626
4.166579862919523e-05,0.0103026400515132
6.249869794379283e-05,0.0103026400515132
6.249869794379283e-05,0.010946555054732776
0.0001458302952021833,0.010946555054732776
0.0001458302952021833,0.01159047005795235
0.00022916189246057373,0.01159047005795235
0.00022916189246057373,0.012234385061171926
0.0002499947917751713,0.012234385061171926
0.0002499947917751713,0.0128783000643915
0.0003333263890335618,0.0128783000643915
0.0003333263890335618,0.013522215067611075
0.0003541592883481594,0.013522215067611075
0.0003541592883481594,0.014166130070830651
0.000374992187662757,0.014166130070830651
0.000374992187662757,0.015453960077269801
0.0006041540801233308,0.015453960077269801
0.0006041540801233308,0.016097875080489377
0.0007708172746401117,0.016097875080489377
0.0007708172746401117,0.01674179008370895
0.0007916501739547092,0.01674179008370895
0.0007916501739547092,0.0180296200901481
0.0008124830732693069,0.0180296200901481
0.0008124830732693069,0.018673535093367676
0.0009791462677860878,0.018673535093367676
0.0009791462677860878,0.019961365099806824
0.0010416449657298806,0.019961365099806824
0.0010416449657298806,0.0206052801030264
0.0011041436636736734,0.0206052801030264
0.0011041436636736734,0.02189311010946555
0.0011458094623028687,0.02189311010946555
0.0011458094623028687,0.022537025112685124
0.0011666423616174663,0.022537025112685124
0.0011666423616174663,0.0231809401159047
0.0011874752609320638,0.0231809401159047
0.0011874752609320638,0.025112685125563427
0.0012291410595612591,0.025112685125563427
0.0012291410595612591,0.026400515132002575
0.0012708068581904544,0.026400515132002575
0.0012708068581904544,0.02704443013522215
0.001291639757505052,0.02704443013522215
0.001291639757505052,0.027688345138441726
0.0013541384554488448,0.027688345138441726
0.0013541384554488448,0.028332260141661302
0.0013749713547634424,0.028332260141661302
0.0013749713547634424,0.02962009014810045
0.0013958042540780401,0.02962009014810045
0.0013958042540780401,0.030264005151320026
0.0014791358513364305,0.030264005151320026
0.0014791358513364305,0.030907920154539602
0.0015416345492802234,0.030907920154539602
0.0015416345492802234,0.031551835157759174
0.0016041332472240162,0.031551835157759174
0.0016041332472240162,0.03219575016097875
0.0016249661465386137,0.03219575016097875
0.0016249661465386137,0.0334835801674179
0.0016457990458532113,0.0334835801674179
0.0016457990458532113,0.03412749517063748
0.001666631945167809,0.03412749517063748
0.001666631945167809,0.03477141017385705
0.0016874648444824066,0.03477141017385705
0.0016874648444824066,0.0360592401802962
0.0017499635424261994,0.0360592401802962
0.0017499635424261994,0.038634900193174504
0.0018124622403699923,0.038634900193174504
0.0018124622403699923,0.039278815196394076
0.0018749609383137851,0.039278815196394076
0.0018749609383137851,0.03992273019961365
0.0018957938376283827,0.03992273019961365
0.0018957938376283827,0.0412105602060528
0.001937459636257578,0.0412105602060528
0.001937459636257578,0.04185447520927238
0.0019791254348867733,0.04185447520927238
0.0019791254348867733,0.04249839021249195
0.0020624570321451634,0.04249839021249195
0.0020624570321451634,0.043142305215711524
0.002104122830774359,0.043142305215711524
0.002104122830774359,0.0437862202189311
0.002249953125976542,0.0437862202189311
0.002249953125976542,0.04507405022537025
0.0022707860252911397,0.04507405022537025
0.0022707860252911397,0.04571796522858983
0.0022916189246057375,0.04571796522858983
0.0022916189246057375,0.0463618802318094
0.0023957834211787254,0.0463618802318094
0.0023957834211787254,0.04700579523502898
0.002520780817066311,0.04700579523502898
0.002520780817066311,0.04764971023824855
0.0026041124143247017,0.04764971023824855
0.0026041124143247017,0.04829362524146812
0.002624945313639299,0.04829362524146812
0.002624945313639299,0.0489375402446877
0.0026666111122684946,0.0489375402446877
0.0026666111122684946,0.049581455247907275
0.0027916085081560803,0.049581455247907275
0.0027916085081560803,0.050225370251126854
0.002854107206099873,0.050225370251126854
0.002854107206099873,0.051513200257566
0.002895773004729068,0.051513200257566
0.002895773004729068,0.05215711526078558
0.002916605904043666,0.05215711526078558
0.002916605904043666,0.05280103026400515
0.002979104601987459,0.05280103026400515
0.002979104601987459,0.0540888602704443
0.002999937501302056,0.0540888602704443
0.002999937501302056,0.054732775273663874
0.003020770400616654,0.054732775273663874
0.003020770400616654,0.05537669027688345
0.003062436199245849,0.05537669027688345
0.003062436199245849,0.056020605280103025
0.0031457677965042396,0.056020605280103025
0.0031457677965042396,0.056664520283322604
0.003458261286223204,0.056664520283322604
0.003458261286223204,0.05730843528654218
0.0035832586821107895,0.05730843528654218
0.0035832586821107895,0.05795235028976175
0.0036457573800545823,0.05795235028976175
0.0036457573800545823,0.0592401802962009
0.004083248265661132,0.0592401802962009
0.004083248265661132,0.05988409529942048
0.00410408116497573,0.05988409529942048
0.00410408116497573,0.06052801030264005
0.004166579862919522,0.06052801030264005
0.004166579862919522,0.061171925305859624
0.00418741276223412,0.061171925305859624
0.00418741276223412,0.062459755312298776
0.004374908856065498,0.062459755312298776
0.004374908856065498,0.06374758531873792
0.004395741755380096,0.06374758531873792
0.004395741755380096,0.0643915003219575
0.0044374075540092916,0.0643915003219575
0.0044374075540092916,0.06567933032839665
0.004499906251953084,0.06567933032839665
0.004499906251953084,0.06632324533161622
0.0045415720505822795,0.06632324533161622
0.0045415720505822795,0.06761107533805538
0.004687402345784463,0.06761107533805538
0.004687402345784463,0.06825499034127495
0.004812399741672049,0.06825499034127495
0.004812399741672049,0.06889890534449453
0.005187391929334806,0.06889890534449453
0.005187391929334806,0.07083065035415326
0.0052082248286494034,0.07083065035415326
0.0052082248286494034,0.07147456535737283
0.005291556425907794,0.07147456535737283
0.005291556425907794,0.0721184803605924
0.005374888023166184,0.0721184803605924
0.005374888023166184,0.07276239536381197
0.005541551217682965,0.07276239536381197
0.005541551217682965,0.0746941403734707
0.005562384116997563,0.0746941403734707
0.005562384116997563,0.07598197037990985
0.0055832170163121605,0.07598197037990985
0.0055832170163121605,0.07662588538312942
0.005624882814941355,0.07662588538312942
0.005624882814941355,0.07726980038634901
0.005666548613570551,0.07726980038634901
0.005666548613570551,0.07791371538956858
0.005749880210828941,0.07791371538956858
0.005749880210828941,0.07920154539600772
0.005812378908772734,0.07920154539600772
0.005812378908772734,0.0798454603992273
0.005854044707401929,0.0798454603992273
0.005854044707401929,0.08177720540888603
0.0058748776067165265,0.08177720540888603
0.0058748776067165265,0.08306503541532517
0.005895710506031124,0.08306503541532517
0.005895710506031124,0.08370895041854476
0.005916543405345722,0.08370895041854476
0.005916543405345722,0.08435286542176433
0.00593737630466032,0.08435286542176433
0.00593737630466032,0.0849967804249839
0.0059790421032895145,0.0849967804249839
0.0059790421032895145,0.08564069542820348
0.005999875002604112,0.08564069542820348
0.005999875002604112,0.08628461043142305
0.006083206599862503,0.08628461043142305
0.006083206599862503,0.08821635544108178
0.0061040394991771,0.08821635544108178
0.0061040394991771,0.08886027044430135
0.006124872398491698,0.08886027044430135
0.006124872398491698,0.08950418544752092
0.0061665381971208934,0.08950418544752092
0.0061665381971208934,0.09207984546039923
0.006208203995750089,0.09207984546039923
0.006208203995750089,0.09336767546683837
0.006229036895064686,0.09336767546683837
0.006229036895064686,0.09401159047005796
0.006291535593008479,0.09401159047005796
0.006291535593008479,0.09465550547327753
0.006333201391637674,0.09465550547327753
0.006333201391637674,0.0952994204764971
0.006395700089581467,0.0952994204764971
0.006395700089581467,0.09594333547971667
0.006437365888210663,0.09594333547971667
0.006437365888210663,0.09658725048293625
0.006499864586154455,0.09658725048293625
0.006499864586154455,0.09851899549259498
0.0065415303847836505,0.09851899549259498
0.0065415303847836505,0.09916291049581455
0.006562363284098248,0.09916291049581455
0.006562363284098248,0.09980682549903412
0.006583196183412845,0.09980682549903412
0.006583196183412845,0.10045074050225371
0.0066456948813566384,0.10045074050225371
0.0066456948813566384,0.10367031551835158
0.006666527780671236,0.10367031551835158
0.006666527780671236,0.10495814552479073
0.006687360679985834,0.10495814552479073
0.006687360679985834,0.1056020605280103
0.006708193579300431,0.1056020605280103
0.006708193579300431,0.10688989053444946
0.006749859377929626,0.10688989053444946
0.006749859377929626,0.10753380553766903
0.006770692277244224,0.10753380553766903
0.006770692277244224,0.10882163554410818
0.0068331909751880165,0.10882163554410818
0.0068331909751880165,0.10946555054732775
0.006854023874502614,0.10946555054732775
0.006854023874502614,0.11268512556342562
0.006937355471761005,0.11268512556342562
0.006937355471761005,0.11526078557630393
0.007041519968333993,0.11526078557630393
0.007041519968333993,0.11654861558274308
0.007083185766963188,0.11654861558274308
0.007083185766963188,0.11783644558918223
0.007145684464906981,0.11783644558918223
0.007145684464906981,0.11912427559562137
0.007187350263536177,0.11912427559562137
0.007187350263536177,0.1210560206052801
0.007208183162850774,0.1210560206052801
0.007208183162850774,0.12169993560849968
0.007479010853940543,0.12169993560849968
0.007479010853940543,0.12298776561493883
0.0074998437532551405,0.12298776561493883
0.0074998437532551405,0.12491951062459755
0.007520676652569738,0.12491951062459755
0.007520676652569738,0.12556342562781714
0.007541509551884336,0.12556342562781714
0.007541509551884336,0.1262073406310367
0.007583175350513531,0.1262073406310367
0.007583175350513531,0.12749517063747584
0.0076040082498281284,0.12749517063747584
0.0076040082498281284,0.128783000643915
0.007666506947771922,0.128783000643915
0.007666506947771922,0.12942691564713457
0.007687339847086519,0.12942691564713457
0.007687339847086519,0.1313586606567933
0.007708172746401116,0.1313586606567933
0.007708172746401116,0.13264649066323245
0.00777067144434491,0.13264649066323245
0.00777067144434491,0.13329040566645203
0.007791504343659507,0.13329040566645203
0.007791504343659507,0.1339343206696716
0.007812337242974104,0.1339343206696716
0.007812337242974104,0.13522215067611076
0.007833170142288702,0.13522215067611076
0.007833170142288702,0.13586606567933032
0.007916501739547093,0.13586606567933032
0.007916501739547093,0.13715389568576947
0.007958167538176289,0.13715389568576947
0.007958167538176289,0.13779781068898905
0.007999833336805482,0.13779781068898905
0.007999833336805482,0.14037347070186734
0.008020666236120081,0.14037347070186734
0.008020666236120081,0.14101738570508693
0.008041499135434678,0.14101738570508693
0.008041499135434678,0.14166130070830651
0.008166496531322264,0.14166130070830651
0.008166496531322264,0.14294913071474566
0.008249828128580654,0.14294913071474566
0.008249828128580654,0.1442369607211848
0.008270661027895252,0.1442369607211848
0.008270661027895252,0.14552479072762395
0.00829149392720985,0.14552479072762395
0.00829149392720985,0.1468126207340631
0.008312326826524448,0.1468126207340631
0.008312326826524448,0.14745653573728268
0.008333159725839045,0.14745653573728268
0.008333159725839045,0.14874436574372182
0.00837482552446824,0.14874436574372182
0.00837482552446824,0.1493882807469414
0.008416491323097436,0.1493882807469414
0.008416491323097436,0.15003219575016097
0.008458157121726631,0.15003219575016097
0.008458157121726631,0.15067611075338055
0.008624820316243412,0.15067611075338055
0.008624820316243412,0.15132002575660014
0.008645653215558009,0.15132002575660014
0.008645653215558009,0.1519639407598197
0.008666486114872607,0.1519639407598197
0.008666486114872607,0.15260785576303929
0.008687319014187204,0.15260785576303929
0.008687319014187204,0.15325177076625884
0.0087289848128164,0.15325177076625884
0.0087289848128164,0.15389568576947843
0.008749817712130997,0.15389568576947843
0.008749817712130997,0.15582743077913716
0.008770650611445595,0.15582743077913716
0.008770650611445595,0.1577591757887959
0.008791483510760192,0.1577591757887959
0.008791483510760192,0.15840309079201545
0.00881231641007479,0.15840309079201545
0.00881231641007479,0.16033483580167418
0.008874815108018583,0.16033483580167418
0.008874815108018583,0.16097875080489377
0.00889564800733318,0.16097875080489377
0.00889564800733318,0.16291049581455247
0.008958146705276974,0.16291049581455247
0.008958146705276974,0.16355441081777206
0.008999812503906168,0.16355441081777206
0.008999812503906168,0.16613007083065034
0.009083144101164559,0.16613007083065034
0.009083144101164559,0.16806181584030908
0.009103977000479156,0.16806181584030908
0.009103977000479156,0.16934964584674822
0.009145642799108351,0.16934964584674822
0.009145642799108351,0.1699935608499678
0.009228974396366742,0.1699935608499678
0.009228974396366742,0.1706374758531874
0.009270640194995938,0.1706374758531874
0.009270640194995938,0.17128139085640695
0.009291473094310535,0.17128139085640695
0.009291473094310535,0.17192530585962654
0.00933313889293973,0.17192530585962654
0.00933313889293973,0.17321313586606568
0.009395637590883523,0.17321313586606568
0.009395637590883523,0.17450096587250483
0.009458136288827317,0.17450096587250483
0.009458136288827317,0.17578879587894397
0.009562300785400305,0.17578879587894397
0.009562300785400305,0.17707662588538314
0.009624799483344097,0.17707662588538314
0.009624799483344097,0.1783644558918223
0.009645632382658694,0.1783644558918223
0.009645632382658694,0.17900837089504185
0.00985396137580467,0.17900837089504185
0.00985396137580467,0.17965228589826143
0.009916460073748464,0.17965228589826143
0.009916460073748464,0.180296200901481
0.00995812587237766,0.180296200901481
0.00995812587237766,0.18094011590470058
0.010020624570321452,0.18094011590470058
0.010020624570321452,0.18158403090792016
0.010041457469636049,0.18158403090792016
0.010041457469636049,0.1828718609143593
0.010145621966209037,0.1828718609143593
0.010145621966209037,0.18415969092079845
0.010228953563467428,0.18415969092079845
0.010228953563467428,0.18480360592401804
0.010270619362096623,0.18480360592401804
0.010270619362096623,0.18866709594333547
0.010333118060040416,0.18866709594333547
0.010333118060040416,0.18931101094655506
0.010416449657298807,0.18931101094655506
0.010416449657298807,0.1912427559562138
0.010437282556613404,0.1912427559562138
0.010437282556613404,0.19188667095943335
0.010499781254557196,0.19188667095943335
0.010499781254557196,0.19381841596909208
0.01056227995250099,0.19381841596909208
0.01056227995250099,0.19510624597553122
0.010603945751130184,0.19510624597553122
0.010603945751130184,0.19639407598197037
0.01064561154975938,0.19639407598197037
0.01064561154975938,0.19703799098518995
0.010666444449073978,0.19703799098518995
0.010666444449073978,0.19768190598840954
0.010687277348388575,0.19768190598840954
0.010687277348388575,0.19896973599484868
0.010749776046332368,0.19896973599484868
0.010749776046332368,0.19961365099806824
0.010874773442219954,0.19961365099806824
0.010874773442219954,0.20025756600128783
0.010895606341534551,0.20025756600128783
0.010895606341534551,0.20154539600772697
0.01108310243536593,0.20154539600772697
0.01108310243536593,0.20283322601416612
0.011145601133309722,0.20283322601416612
0.011145601133309722,0.2034771410173857
0.011208099831253515,0.2034771410173857
0.011208099831253515,0.2041210560206053
0.011270598529197309,0.2041210560206053
0.011270598529197309,0.20476497102382485
0.011291431428511906,0.20476497102382485
0.011291431428511906,0.20540888602704443
0.011312264327826503,0.20540888602704443
0.011312264327826503,0.20798454603992272
0.011395595925084894,0.20798454603992272
0.011395595925084894,0.2086284610431423
0.011499760421657882,0.2086284610431423
0.011499760421657882,0.20927237604636187
0.01152059332097248,0.20927237604636187
0.01152059332097248,0.20991629104958145
0.011541426220287077,0.20991629104958145
0.011541426220287077,0.21056020605280104
0.011562259119601674,0.21056020605280104
0.011562259119601674,0.2112041210560206
0.011583092018916273,0.2112041210560206
0.011583092018916273,0.21249195106245974
0.011624757817545468,0.21249195106245974
0.011624757817545468,0.21313586606567933
0.011645590716860065,0.21313586606567933
0.011645590716860065,0.21377978106889892
0.01168725651548926,0.21377978106889892
0.01168725651548926,0.21442369607211847
0.011728922314118456,0.21442369607211847
0.011728922314118456,0.2163554410817772
0.011833086810691444,0.2163554410817772
0.011833086810691444,0.2169993560849968
0.011895585508635237,0.2169993560849968
0.011895585508635237,0.21764327108821635
0.011937251307264432,0.21764327108821635
0.011937251307264432,0.21828718609143594
0.011958084206579029,0.21828718609143594
0.011958084206579029,0.2189311010946555
0.01204141580383742,0.2189311010946555
0.01204141580383742,0.22021893110109467
0.012103914501781212,0.22021893110109467
0.012103914501781212,0.22086284610431423
0.012124747401095811,0.22086284610431423
0.012124747401095811,0.22279459111397296
0.012145580300410408,0.22279459111397296
0.012145580300410408,0.22343850611719254
0.012187246099039603,0.22343850611719254
0.012187246099039603,0.2240824211204121
0.0122080789983542,0.2240824211204121
0.0122080789983542,0.2247263361236317
0.012270577696297994,0.2247263361236317
0.012270577696297994,0.22601416613007083
0.012374742192870982,0.22601416613007083
0.012374742192870982,0.22858982614294912
0.01239557509218558,0.22858982614294912
0.01239557509218558,0.2298776561493883
0.012416407991500178,0.2298776561493883
0.012416407991500178,0.23116548615582744
0.012437240890814775,0.23116548615582744
0.012437240890814775,0.231809401159047
0.01247890668944397,0.231809401159047
0.01247890668944397,0.23309723116548617
0.01256223828670236,0.23309723116548617
0.01256223828670236,0.2343850611719253
0.012603904085331555,0.2343850611719253
0.012603904085331555,0.23502897617514487
0.012624736984646154,0.23502897617514487
0.012624736984646154,0.23567289117836446
0.012666402783275348,0.23567289117836446
0.012666402783275348,0.23631680618158404
0.012728901481219142,0.23631680618158404
0.012728901481219142,0.2369607211848036
0.012770567279848337,0.2369607211848036
0.012770567279848337,0.2376046361880232
0.012853898877106727,0.2376046361880232
0.012853898877106727,0.23889246619446233
0.012916397575050519,0.23889246619446233
0.012916397575050519,0.23953638119768192
0.012958063373679714,0.23953638119768192
0.012958063373679714,0.24018029620090148
0.013062227870252702,0.24018029620090148
0.013062227870252702,0.24082421120412106
0.013083060769567301,0.24082421120412106
0.013083060769567301,0.24146812620734062
0.013124726568196497,0.24146812620734062
0.013124726568196497,0.2421120412105602
0.013208058165454886,0.2421120412105602
0.013208058165454886,0.2427559562137798
0.013228891064769484,0.2427559562137798
0.013228891064769484,0.24339987121699935
0.013374721359971668,0.24339987121699935
0.013374721359971668,0.24404378622021894
0.01343722005791546,0.24404378622021894
0.01343722005791546,0.2446877012234385
0.013458052957230057,0.2446877012234385
0.013458052957230057,0.24533161622665808
0.013478885856544656,0.24533161622665808
0.013478885856544656,0.24597553122987767
0.013520551655173851,0.24597553122987767
0.013520551655173851,0.24661944623309723
0.013541384554488448,0.24661944623309723
0.013541384554488448,0.24726336123631681
0.013583050353117644,0.24726336123631681
0.013583050353117644,0.24790727623953637
0.01362471615174684,0.24790727623953637
0.01362471615174684,0.24855119124275596
0.013645549051061436,0.24855119124275596
0.013645549051061436,0.2511268512556343
0.013728880648319827,0.2511268512556343
0.013728880648319827,0.2524146812620734
0.013770546446949023,0.2524146812620734
0.013770546446949023,0.253058596265293
0.013833045144892815,0.253058596265293
0.013833045144892815,0.25370251126851256
0.01387471094352201,0.25370251126851256
0.01387471094352201,0.2549903412749517
0.013916376742151204,0.2549903412749517
0.013916376742151204,0.25627817128139085
0.013937209641465803,0.25627817128139085
0.013937209641465803,0.25756600128783
0.014020541238724192,0.25756600128783
0.014020541238724192,0.25820991629104956
0.014041374138038791,0.25820991629104956
0.014041374138038791,0.25949774629748873
0.014145538634611779,0.25949774629748873
0.014145538634611779,0.2607855763039279
0.014187204433240974,0.2607855763039279
0.014187204433240974,0.2627173213135866
0.01422887023187017,0.2627173213135866
0.01422887023187017,0.2633612363168062
0.014249703131184767,0.2633612363168062
0.014249703131184767,0.2659368963296845
0.014270536030499364,0.2659368963296845
0.014270536030499364,0.26658081133290407
0.014291368929813962,0.26658081133290407
0.014291368929813962,0.26722472633612365
0.01431220182912856,0.26722472633612365
0.01431220182912856,0.2678686413393432
0.014353867627757755,0.2678686413393432
0.014353867627757755,0.26851255634256277
0.01439553342638695,0.26851255634256277
0.01439553342638695,0.26915647134578236
0.014437199225016146,0.26915647134578236
0.014437199225016146,0.27044430135222153
0.01458302952021833,0.27044430135222153
0.01458302952021833,0.27108821635544106
0.014728859815420513,0.27108821635544106
0.014728859815420513,0.27173213135866064
0.01474969271473511,0.27173213135866064
0.01474969271473511,0.27237604636188023
0.014812191412678902,0.27237604636188023
0.014812191412678902,0.2736638763683194
0.0148330243119935,0.2736638763683194
0.0148330243119935,0.27430779137153893
0.014853857211308098,0.27430779137153893
0.014853857211308098,0.2749517063747585
0.014874690110622696,0.2749517063747585
0.014874690110622696,0.2768834513844173
0.01491635590925189,0.2768834513844173
0.01491635590925189,0.2775273663876368
0.014999687506510281,0.2775273663876368
0.014999687506510281,0.28332260141661303
0.015083019103768672,0.28332260141661303
0.015083019103768672,0.28396651641983256
0.015103852003083269,0.28396651641983256
0.015103852003083269,0.28461043142305215
0.015124684902397866,0.28461043142305215
0.015124684902397866,0.28525434642627173
0.01518718360034166,0.28525434642627173
0.01518718360034166,0.2858982614294913
0.015208016499656257,0.2858982614294913
0.015208016499656257,0.2865421764327109
0.015249682298285452,0.2865421764327109
0.015249682298285452,0.28718609143593044
0.015374679694173037,0.28718609143593044
0.015374679694173037,0.28783000643915
0.015395512593487636,0.28783000643915
0.015395512593487636,0.2884739214423696
0.015416345492802233,0.2884739214423696
0.015416345492802233,0.2891178364455892
0.015499677090060624,0.2891178364455892
0.015499677090060624,0.2897617514488088
0.01554134288868982,0.2897617514488088
0.01554134288868982,0.2904056664520283
0.015583008687319015,0.2904056664520283
0.015583008687319015,0.2910495814552479
0.015645507385262807,0.2910495814552479
0.015645507385262807,0.2916934964584675
0.0157288389825212,0.2916934964584675
0.0157288389825212,0.29233741146168707
0.015749671881835795,0.29233741146168707
0.015749671881835795,0.29298132646490666
0.015770504781150392,0.29298132646490666
0.015770504781150392,0.2936252414681262
0.01579133768046499,0.2936252414681262
0.01579133768046499,0.29491307147456536
0.015833003479094186,0.29491307147456536
0.015833003479094186,0.29555698647778494
0.015978833774296368,0.29555698647778494
0.015978833774296368,0.29620090148100453
0.015999666673610965,0.29620090148100453
0.015999666673610965,0.29684481648422406
0.016020499572925565,0.29684481648422406
0.016020499572925565,0.29748873148744365
0.01606216537155476,0.29748873148744365
0.01606216537155476,0.29813264649066323
0.016124664069498553,0.29813264649066323
0.016124664069498553,0.2987765614938828
0.016166329868127747,0.2987765614938828
0.016166329868127747,0.2994204764971024
0.01622882856607154,0.2994204764971024
0.01622882856607154,0.3007083065035415
0.01629132726401533,0.3007083065035415
0.01629132726401533,0.3013522215067611
0.016353825961959126,0.3013522215067611
0.016353825961959126,0.3032839665164198
0.016374658861273723,0.3032839665164198
0.016374658861273723,0.3039278815196394
0.01639549176058832,0.3039278815196394
0.01639549176058832,0.304571796522859
0.01641632465990292,0.304571796522859
0.01641632465990292,0.30521571152607857
0.016457990458532114,0.30521571152607857
0.016457990458532114,0.30585962652929816
0.016520489156475908,0.30585962652929816
0.016520489156475908,0.30779137153895686
0.01666631945167809,0.30779137153895686
0.01666631945167809,0.30907920154539603
0.016687152350992687,0.30907920154539603
0.016687152350992687,0.30972311654861556
0.01674965104893648,0.30972311654861556
0.01674965104893648,0.31036703155183515
0.016770483948251078,0.31036703155183515
0.016770483948251078,0.31101094655505473
0.016791316847565674,0.31101094655505473
0.016791316847565674,0.3116548615582743
0.016812149746880275,0.3116548615582743
0.016812149746880275,0.313586606567933
0.01685381554550947,0.313586606567933
0.01685381554550947,0.3142305215711526
0.016895481344138662,0.3142305215711526
0.016895481344138662,0.3155183515775918
0.016957980042082457,0.3155183515775918
0.016957980042082457,0.3174500965872505
0.01699964584071165,0.3174500965872505
0.01699964584071165,0.31809401159047007
0.01708297743797004,0.31809401159047007
0.01708297743797004,0.31873792659368966
0.01712464323659924,0.31873792659368966
0.01712464323659924,0.3200257566001288
0.01720797483385763,0.3200257566001288
0.01720797483385763,0.32066967160334836
0.017312139330430618,0.32066967160334836
0.017312139330430618,0.32131358660656795
0.017332972229745214,0.32131358660656795
0.017332972229745214,0.32195750160978753
0.01737463802837441,0.32195750160978753
0.01737463802837441,0.32260141661300706
0.017478802524947396,0.32260141661300706
0.017478802524947396,0.32324533161622665
0.017520468323576593,0.32324533161622665
0.017520468323576593,0.32388924661944624
0.01754130122289119,0.32388924661944624
0.01754130122289119,0.3245331616226658
0.017582967021520384,0.3245331616226658
0.017582967021520384,0.3251770766258854
0.01760379992083498,0.3251770766258854
0.01760379992083498,0.32582099162910494
0.01764546571946418,0.32582099162910494
0.01764546571946418,0.3271088216355441
0.017687131518093372,0.3271088216355441
0.017687131518093372,0.3277527366387637
0.01770796441740797,0.3277527366387637
0.01770796441740797,0.3283966516419833
0.01772879731672257,0.3283966516419833
0.01772879731672257,0.3290405666452028
0.01781212891398096,0.3290405666452028
0.01781212891398096,0.3296844816484224
0.017832961813295557,0.3296844816484224
0.017832961813295557,0.3309723116548616
0.017895460511239348,0.3309723116548616
0.017895460511239348,0.33161622665808116
0.017937126309868545,0.33161622665808116
0.017937126309868545,0.3322601416613007
0.017999625007812336,0.3322601416613007
0.017999625007812336,0.33419188667095945
0.018020457907126936,0.33419188667095945
0.018020457907126936,0.33483580167417903
0.018041290806441533,0.33483580167417903
0.018041290806441533,0.33547971667739857
0.01806212370575613,0.33547971667739857
0.01806212370575613,0.33612363168061815
0.01814545530301452,0.33612363168061815
0.01814545530301452,0.33676754668383774
0.018166288202329118,0.33676754668383774
0.018166288202329118,0.3374114616870573
0.018187121101643715,0.3374114616870573
0.018187121101643715,0.3380553766902769
0.018228786900272912,0.3380553766902769
0.018228786900272912,0.33869929169349644
0.018291285598216703,0.33869929169349644
0.018291285598216703,0.339343206696716
0.018312118497531303,0.339343206696716
0.018312118497531303,0.3419188667095943
0.018353784296160497,0.3419188667095943
0.018353784296160497,0.3425627817128139
0.01841628299410429,0.3425627817128139
0.01841628299410429,0.3432066967160335
0.01847878169204808,0.3432066967160335
0.01847878169204808,0.3438506117192531
0.01849961459136268,0.3438506117192531
0.01849961459136268,0.34449452672247266
0.01852044749067728,0.34449452672247266
0.01852044749067728,0.3451384417256922
0.018562113289306473,0.3451384417256922
0.018562113289306473,0.34964584674822924
0.01866627778587946,0.34964584674822924
0.01866627778587946,0.35157759175788794
0.018707943584508654,0.35157759175788794
0.018707943584508654,0.35222150676110753
0.01877044228245245,0.35222150676110753
0.01877044228245245,0.3528654217643271
0.018832940980396243,0.3528654217643271
0.018832940980396243,0.3535093367675467
0.018916272577654634,0.3535093367675467
0.018916272577654634,0.3567289117836446
0.01893710547696923,0.3567289117836446
0.01893710547696923,0.3573728267868641
0.018957938376283828,0.3573728267868641
0.018957938376283828,0.35930457179652286
0.01902043707422762,0.35930457179652286
0.01902043707422762,0.35994848679974245
0.01904126997354222,0.35994848679974245
0.01904126997354222,0.360592401802962
0.019145434470115207,0.360592401802962
0.019145434470115207,0.36123631680618157
0.0191871002687444,0.36123631680618157
0.0191871002687444,0.36252414681262074
0.019249598966688194,0.36252414681262074
0.019249598966688194,0.3631680618158403
0.01927043186600279,0.3631680618158403
0.01927043186600279,0.36381197681905986
0.019291264765317388,0.36381197681905986
0.019291264765317388,0.36445589182227944
0.019312097664631985,0.36445589182227944
0.019312097664631985,0.36509980682549903
0.019332930563946586,0.36509980682549903
0.019332930563946586,0.3663876368319382
0.01937459636257578,0.3663876368319382
0.01937459636257578,0.36703155183515773
0.01954125955709256,0.36703155183515773
0.01954125955709256,0.3689632968448165
0.019603758255036352,0.3689632968448165
0.019603758255036352,0.3696072118480361
0.019687089852294743,0.3696072118480361
0.019687089852294743,0.3708950418544752
0.019812087248182328,0.3708950418544752
0.019812087248182328,0.37218287186091437
0.019957917543384513,0.37218287186091437
0.019957917543384513,0.37282678686413395
0.020020416241328307,0.37282678686413395
0.020020416241328307,0.37411461687057307
0.020041249140642904,0.37411461687057307
0.020041249140642904,0.37475853187379266
0.0200620820399575,0.37475853187379266
0.0200620820399575,0.37540244687701224
0.020082914939272098,0.37540244687701224
0.020082914939272098,0.3760463618802318
0.020124580737901295,0.3760463618802318
0.020124580737901295,0.37669027688345136
0.020145413637215892,0.37669027688345136
0.020145413637215892,0.37733419188667094
0.020228745234474283,0.37733419188667094
0.020228745234474283,0.37797810688989053
0.02031207683173267,0.37797810688989053
0.02031207683173267,0.3786220218931101
0.02041624132830566,0.3786220218931101
0.02041624132830566,0.3805537669027688
0.020478740026249453,0.3805537669027688
0.020478740026249453,0.3811976819059884
0.02052040582487865,0.3811976819059884
0.02052040582487865,0.381841596909208
0.02068706901939543,0.381841596909208
0.02068706901939543,0.3824855119124276
0.020791233515968417,0.3824855119124276
0.020791233515968417,0.3831294269156471
0.02085373221391221,0.3831294269156471
0.02085373221391221,0.3844172569220863
0.020874565113226808,0.3844172569220863
0.020874565113226808,0.38506117192530587
0.020895398012541404,0.38506117192530587
0.020895398012541404,0.38570508692852545
0.020916230911856,0.38570508692852545
0.020916230911856,0.386349001931745
0.0209370638111706,0.386349001931745
0.0209370638111706,0.38763683193818416
0.021020395408428993,0.38763683193818416
0.021020395408428993,0.38828074694140374
0.021062061207058187,0.38828074694140374
0.021062061207058187,0.38892466194462333
0.021082894106372783,0.38892466194462333
0.021082894106372783,0.38956857694784286
0.021166225703631174,0.38956857694784286
0.021166225703631174,0.39021249195106245
0.02118705860294577,0.39021249195106245
0.02118705860294577,0.3921442369607212
0.021249557300889566,0.3921442369607212
0.021249557300889566,0.39278815196394073
0.02137455469677715,0.39278815196394073
0.02137455469677715,0.3934320669671603
0.02147871919335014,0.3934320669671603
0.02147871919335014,0.3940759819703799
0.021541217891293932,0.3940759819703799
0.021541217891293932,0.3947198969735995
0.021624549488552323,0.3947198969735995
0.021624549488552323,0.3960077269800386
0.021666215287181517,0.3960077269800386
0.021666215287181517,0.3966516419832582
0.021687048186496114,0.3966516419832582
0.021687048186496114,0.3972955569864778
0.02172871398512531,0.3972955569864778
0.02172871398512531,0.39858338699291695
0.0218120455823837,0.39858338699291695
0.0218120455823837,0.3992273019961365
0.021916210078956687,0.3992273019961365
0.021916210078956687,0.39987121699935607
0.021937042978271287,0.39987121699935607
0.021937042978271287,0.40051513200257566
0.02208287327347347,0.40051513200257566
0.02208287327347347,0.40309079201545395
0.022124539072102666,0.40309079201545395
0.022124539072102666,0.40373470701867353
0.022145371971417263,0.40373470701867353
0.022145371971417263,0.4043786220218931
0.02216620487073186,0.4043786220218931
0.02216620487073186,0.4050225370251127
0.022207870669361054,0.4050225370251127
0.022207870669361054,0.40566645202833224
0.02224953646799025,0.40566645202833224
0.02224953646799025,0.4063103670315518
0.02231203516593404,0.4063103670315518
0.02231203516593404,0.4069542820347714
0.02241619966250703,0.4069542820347714
0.02241619966250703,0.407598197037991
0.02243703256182163,0.407598197037991
0.02243703256182163,0.4082421120412106
0.022520364159080018,0.4082421120412106
0.022520364159080018,0.4088860270444301
0.022562029957709215,0.4088860270444301
0.022562029957709215,0.4095299420476497
0.02258286285702381,0.4095299420476497
0.02258286285702381,0.4101738570508693
0.022707860252911397,0.4101738570508693
0.022707860252911397,0.41081777205408887
0.022728693152225997,0.41081777205408887
0.022728693152225997,0.41146168705730846
0.022749526051540594,0.41146168705730846
0.022749526051540594,0.4127495170637476
0.022791191850169788,0.4127495170637476
0.022791191850169788,0.41339343206696716
0.02287452344742818,0.41339343206696716
0.02287452344742818,0.41468126207340633
0.02295785504468657,0.41468126207340633
0.02295785504468657,0.41532517707662586
0.022999520843315763,0.41532517707662586
0.022999520843315763,0.4179008370895042
0.02302035374263036,0.4179008370895042
0.02302035374263036,0.41854475209272374
0.02304118664194496,0.41854475209272374
0.02304118664194496,0.4191886670959433
0.023082852440574154,0.4191886670959433
0.023082852440574154,0.4198325820991629
0.02314535113851795,0.4198325820991629
0.02314535113851795,0.4204764971023825
0.023249515635090937,0.4204764971023825
0.023249515635090937,0.4211204121056021
0.02347867752755151,0.4211204121056021
0.02347867752755151,0.4217643271088216
0.023499510426866106,0.4217643271088216
0.023499510426866106,0.4224082421120412
0.023541176225495303,0.4224082421120412
0.023541176225495303,0.42369607211848037
0.023582842024124497,0.42369607211848037
0.023582842024124497,0.42433998712169996
0.023916168413158058,0.42433998712169996
0.023916168413158058,0.4249839021249195
0.02393700131247266,0.4249839021249195
0.02393700131247266,0.4256278171281391
0.023957834211787255,0.4256278171281391
0.023957834211787255,0.42627173213135866
0.02399950001041645,0.42627173213135866
0.02399950001041645,0.42691564713457825
0.024020332909731046,0.42691564713457825
0.024020332909731046,0.42884739214423695
0.024041165809045646,0.42884739214423695
0.024041165809045646,0.42949130714745654
0.02408283160767484,0.42949130714745654
0.02408283160767484,0.4301352221506761
0.024103664506989437,0.4301352221506761
0.024103664506989437,0.4307791371538957
0.024124497406304034,0.4307791371538957
0.024124497406304034,0.4327108821635544
0.02416616320493323,0.4327108821635544
0.02416616320493323,0.4339987121699936
0.024291160600820816,0.4339987121699936
0.024291160600820816,0.4352865421764327
0.0244161579967084,0.4352865421764327
0.0244161579967084,0.437862202189311
0.024457823795337598,0.437862202189311
0.024457823795337598,0.4385061171925306
0.02449948959396679,0.4385061171925306
0.02449948959396679,0.43979394719896975
0.02452032249328139,0.43979394719896975
0.02452032249328139,0.44043786220218933
0.02454115539259599,0.44043786220218933
0.02454115539259599,0.44172569220862845
0.024561988291910586,0.44172569220862845
0.024561988291910586,0.44236960721184804
0.024582821191225183,0.44236960721184804
0.024582821191225183,0.4430135222150676
0.02460365409053978,0.4430135222150676
0.02460365409053978,0.44430135222150674
0.024624486989854377,0.44430135222150674
0.024624486989854377,0.4449452672247263
0.024645319889168977,0.4449452672247263
0.024645319889168977,0.4455891822279459
0.024666152788483574,0.4455891822279459
0.024666152788483574,0.4462330972311655
0.024728651486427364,0.4462330972311655
0.024728651486427364,0.4468770122343851
0.02477031728505656,0.4468770122343851
0.02477031728505656,0.4475209272376046
0.024811983083685756,0.4475209272376046
0.024811983083685756,0.4481648422408242
0.024853648882314953,0.4481648422408242
0.024853648882314953,0.4488087572440438
0.02487448178162955,0.4488087572440438
0.02487448178162955,0.4494526722472634
0.024895314680944147,0.4494526722472634
0.024895314680944147,0.45009658725048296
0.02502031207683173,0.45009658725048296
0.02502031207683173,0.4507405022537025
0.02506197787546093,0.4507405022537025
0.02506197787546093,0.4513844172569221
0.025082810774775526,0.4513844172569221
0.025082810774775526,0.45202833226014166
0.02520780817066311,0.45202833226014166
0.02520780817066311,0.45267224726336125
0.025270306868606904,0.45267224726336125
0.025270306868606904,0.45396007726980037
0.025311972667236098,0.45396007726980037
0.025311972667236098,0.45460399227301995
0.025374471365179892,0.45460399227301995
0.025374471365179892,0.4558918222794591
0.02539530426449449,0.4558918222794591
0.02539530426449449,0.45717965228589824
0.025457802962438283,0.45717965228589824
0.025457802962438283,0.4584674822923374
0.025624466156955062,0.4584674822923374
0.025624466156955062,0.4610431423052157
0.025645299056269662,0.4610431423052157
0.025645299056269662,0.4623309723116549
0.025770296452157247,0.4623309723116549
0.025770296452157247,0.46297488731487446
0.02585362804941564,0.46297488731487446
0.02585362804941564,0.4642627173213136
0.02593695964667403,0.4642627173213136
0.02593695964667403,0.46490663232453316
0.025957792545988626,0.46490663232453316
0.025957792545988626,0.46555054732775275
0.02599945834461782,0.46555054732775275
0.02599945834461782,0.46619446233097234
0.026020291243932417,0.46619446233097234
0.026020291243932417,0.46683837733419187
0.026124455740505405,0.46683837733419187
0.026124455740505405,0.46812620734063104
0.0261869544384492,0.46812620734063104
0.0261869544384492,0.4694140373470702
0.026207787337763796,0.4694140373470702
0.026207787337763796,0.47005795235028974
0.026228620237078393,0.47005795235028974
0.026228620237078393,0.47070186735350933
0.026249453136392993,0.47070186735350933
0.026249453136392993,0.4713457823567289
0.026311951834336784,0.4713457823567289
0.026311951834336784,0.4726336123631681
0.026395283431595175,0.4726336123631681
0.026395283431595175,0.4739214423696072
0.02654111372679736,0.4739214423696072
0.02654111372679736,0.4752092723760464
0.026624445324055748,0.4752092723760464
0.026624445324055748,0.4764971023824855
0.026645278223370348,0.4764971023824855
0.026645278223370348,0.4771410173857051
0.026728609820628735,0.4771410173857051
0.026728609820628735,0.47778493238892467
0.026770275619257933,0.47778493238892467
0.026770275619257933,0.47842884739214425
0.02679110851857253,0.47842884739214425
0.02679110851857253,0.47907276239536384
0.026811941417887127,0.47907276239536384
0.026811941417887127,0.47971667739858337
0.026895273015145518,0.47971667739858337
0.026895273015145518,0.48293625241468124
0.026916105914460114,0.48293625241468124
0.026916105914460114,0.4842240824211204
0.02695777171308931,0.4842240824211204
0.02695777171308931,0.48486799742434
0.027082769108976897,0.48486799742434
0.027082769108976897,0.4855119124275596
0.02712443490760609,0.4855119124275596
0.02712443490760609,0.4861558274307791
0.027166100706235288,0.4861558274307791
0.027166100706235288,0.4874436574372183
0.02720776650486448,0.4874436574372183
0.02720776650486448,0.4900193174500966
0.027228599404179078,0.4900193174500966
0.027228599404179078,0.49066323245331617
0.027291098102122872,0.49066323245331617
0.027291098102122872,0.49195106245975534
0.027353596800066667,0.49195106245975534
0.027353596800066667,0.49323889246619446
0.027374429699381263,0.49323889246619446
0.027374429699381263,0.49388280746941404
0.027416095498010457,0.49388280746941404
0.027416095498010457,0.49452672247263363
0.027436928397325054,0.49452672247263363
0.027436928397325054,0.4951706374758532
0.02747859419595425,0.4951706374758532
0.02747859419595425,0.49645846748229233
0.027520259994583445,0.49645846748229233
0.027520259994583445,0.4977462974887315
0.027541092893898046,0.4977462974887315
0.027541092893898046,0.4983902124919511
0.02758275869252724,0.4983902124919511
0.02758275869252724,0.5003219575016098
0.027603591591841836,0.5003219575016098
0.027603591591841836,0.5009658725048294
0.027645257390471033,0.5009658725048294
0.027645257390471033,0.501609787508049
0.027707756088414824,0.501609787508049
0.027707756088414824,0.5028976175144881
0.02772858898772942,0.5028976175144881
0.02772858898772942,0.5035415325177076
0.027811920584987812,0.5035415325177076
0.027811920584987812,0.5041854475209272
0.02783275348430241,0.5041854475209272
0.02783275348430241,0.5048293625241468
0.0279160850815608,0.5048293625241468
0.0279160850815608,0.5054732775273664
0.027936917980875397,0.5054732775273664
0.027936917980875397,0.506117192530586
0.027957750880189997,0.506117192530586
0.027957750880189997,0.5067611075338055
0.028082748276077582,0.5067611075338055
0.028082748276077582,0.5074050225370251
0.02810358117539218,0.5074050225370251
0.02810358117539218,0.5080489375402447
0.028166079873335973,0.5080489375402447
0.028166079873335973,0.5086928525434643
0.02818691277265057,0.5086928525434643
0.02818691277265057,0.5093367675466839
0.028249411470594364,0.5093367675466839
0.028249411470594364,0.510624597553123
0.02827024436990896,0.510624597553123
0.02827024436990896,0.5125563425627817
0.028291077269223558,0.5125563425627817
0.028291077269223558,0.5132002575660013
0.028311910168538155,0.5132002575660013
0.028311910168538155,0.5138441725692209
0.028416074665111143,0.5138441725692209
0.028416074665111143,0.5144880875724405
0.02845774046374034,0.5144880875724405
0.02845774046374034,0.51513200257566
0.028499406262369534,0.51513200257566
0.028499406262369534,0.5164198325820991
0.02852023916168413,0.5164198325820991
0.02852023916168413,0.5170637475853187
0.028582737859627925,0.5170637475853187
0.028582737859627925,0.5183515775917579
0.02860357075894252,0.5183515775917579
0.02860357075894252,0.5202833226014166
0.02862440365825712,0.5202833226014166
0.02862440365825712,0.5209272376046362
0.028666069456886316,0.5209272376046362
0.028666069456886316,0.5222150676110754
0.02870773525551551,0.5222150676110754
0.02870773525551551,0.5228589826142949
0.028728568154830107,0.5228589826142949
0.028728568154830107,0.5260785576303928
0.0287910668527739,0.5260785576303928
0.0287910668527739,0.527366387636832
0.028853565550717695,0.527366387636832
0.028853565550717695,0.5280103026400516
0.028957730047290683,0.5280103026400516
0.028957730047290683,0.5292981326464906
0.028999395845919877,0.5292981326464906
0.028999395845919877,0.5299420476497102
0.029020228745234473,0.5299420476497102
0.029020228745234473,0.5305859626529298
0.02916605904043666,0.5305859626529298
0.02916605904043666,0.5312298776561494
0.029207724839065852,0.5312298776561494
0.029207724839065852,0.531873792659369
0.02924939063769505,0.531873792659369
0.02924939063769505,0.5331616226658081
0.02931188933563884,0.5331616226658081
0.02931188933563884,0.5338055376690277
0.029353555134268038,0.5338055376690277
0.029353555134268038,0.5344494526722473
0.029457719630841026,0.5344494526722473
0.029457719630841026,0.5350933676754669
0.029520218328784816,0.5350933676754669
0.029520218328784816,0.5370251126851255
0.029603549926043207,0.5370251126851255
0.029603549926043207,0.5376690276883451
0.0296452157246724,0.5376690276883451
0.0296452157246724,0.5383129426915647
0.029666048623987,0.5383129426915647
0.029666048623987,0.5389568576947843
0.029791046019874586,0.5389568576947843
0.029791046019874586,0.5408886027044431
0.029895210516447574,0.5408886027044431
0.029895210516447574,0.5415325177076626
0.02991604341576217,0.5415325177076626
0.02991604341576217,0.5421764327108821
0.02995770921439137,0.5421764327108821
0.02995770921439137,0.5428203477141017
0.030041040811649756,0.5428203477141017
0.030041040811649756,0.5434642627173213
0.030145205308222744,0.5434642627173213
0.030145205308222744,0.5441081777205409
0.030166038207537344,0.5441081777205409
0.030166038207537344,0.5447520927237605
0.030207704006166538,0.5447520927237605
0.030207704006166538,0.5466838377334192
0.030228536905481135,0.5466838377334192
0.030228536905481135,0.5473277527366388
0.030311868502739526,0.5473277527366388
0.030311868502739526,0.5479716677398584
0.030332701402054123,0.5479716677398584
0.030332701402054123,0.5486155827430779
0.030395200099997917,0.5486155827430779
0.030395200099997917,0.549903412749517
0.030416032999312514,0.549903412749517
0.030416032999312514,0.5518351577591758
0.03043686589862711,0.5518351577591758
0.03043686589862711,0.5524790727623954
0.030499364596570905,0.5524790727623954
0.030499364596570905,0.553122987765615
0.0305201974958855,0.553122987765615
0.0305201974958855,0.5550547327752736
0.030603529093143893,0.5550547327752736
0.030603529093143893,0.5556986477784932
0.03062436199245849,0.5556986477784932
0.03062436199245849,0.5563425627817128
0.030728526489031478,0.5563425627817128
0.030728526489031478,0.5569864777849324
0.030749359388346074,0.5569864777849324
0.030749359388346074,0.557630392788152
0.030770192287660675,0.557630392788152
0.030770192287660675,0.5589182227945911
0.03081185808628987,0.5589182227945911
0.03081185808628987,0.5602060528010303
0.030916022582862857,0.5602060528010303
0.030916022582862857,0.562137797810689
0.030957688381492054,0.562137797810689
0.030957688381492054,0.5627817128139085
0.030999354180121248,0.5627817128139085
0.030999354180121248,0.5634256278171281
0.03106185287806504,0.5634256278171281
0.03106185287806504,0.5640695428203477
0.03114518447532343,0.5640695428203477
0.03114518447532343,0.5647134578235673
0.03133268056915481,0.5647134578235673
0.03133268056915481,0.5666452028332261
0.0314160121664132,0.5666452028332261
0.0314160121664132,0.5679330328396651
0.0314576779650424,0.5679330328396651
0.0314576779650424,0.5692208628461043
0.03147851086435699,0.5692208628461043
0.03147851086435699,0.5698647778493239
0.03152017666298619,0.5698647778493239
0.03152017666298619,0.5705086928525435
0.031561842461615384,0.5705086928525435
0.031561842461615384,0.571152607855763
0.03158267536092998,0.571152607855763
0.03158267536092998,0.5737282678686413
0.031707672756817566,0.5737282678686413
0.031707672756817566,0.5743721828718609
0.03185350305201975,0.5743721828718609
0.03185350305201975,0.5750160978750805
0.03189516885064894,0.5750160978750805
0.03189516885064894,0.5756600128783
0.03199933334722193,0.5756600128783
0.03199933334722193,0.5763039278815196
0.032228495239682506,0.5763039278815196
0.032228495239682506,0.5769478428847392
0.0322701610383117,0.5769478428847392
0.0322701610383117,0.5782356728911784
0.0323118268369409,0.5782356728911784
0.0323118268369409,0.578879587894398
0.03239515843419929,0.578879587894398
0.03239515843419929,0.5795235028976176
0.03241599133351389,0.5795235028976176
0.03241599133351389,0.580167417900837
0.032499322930772276,0.580167417900837
0.032499322930772276,0.5808113329040566
0.032520155830086876,0.5808113329040566
0.032520155830086876,0.5827430779137154
0.03254098872940147,0.5827430779137154
0.03254098872940147,0.5840309079201546
0.03258265452803066,0.5840309079201546
0.03258265452803066,0.5846748229233741
0.03268681902460365,0.5846748229233741
0.03268681902460365,0.5872504829362524
0.03272848482323285,0.5872504829362524
0.03272848482323285,0.587894397939472
0.032749317722547445,0.587894397939472
0.032749317722547445,0.5891822279459111
0.03283264931980584,0.5891822279459111
0.03283264931980584,0.5898261429491307
0.03291598091706423,0.5898261429491307
0.03291598091706423,0.5904700579523503
0.03293681381637883,0.5904700579523503
0.03293681381637883,0.5911139729555699
0.03297847961500802,0.5911139729555699
0.03297847961500802,0.5917578879587895
0.033020145413637216,0.5917578879587895
0.033020145413637216,0.5924018029620091
0.03306181121226641,0.5924018029620091
0.03306181121226641,0.5930457179652285
0.0331659757088394,0.5930457179652285
0.0331659757088394,0.5943335479716677
0.03320764150746859,0.5943335479716677
0.03320764150746859,0.5949774629748873
0.03322847440678319,0.5949774629748873
0.03322847440678319,0.5962652929813265
0.033270140205412385,0.5962652929813265
0.033270140205412385,0.596909207984546
0.033290973104726986,0.596909207984546
0.033290973104726986,0.5975531229877656
0.033311806004041586,0.5975531229877656
0.033311806004041586,0.5988409529942048
0.033561800795816756,0.5988409529942048
0.033561800795816756,0.5994848679974243
0.03358263369513135,0.5994848679974243
0.03358263369513135,0.6020605280103026
0.03364513239307514,0.6020605280103026
0.03364513239307514,0.6033483580167418
0.03368679819170434,0.6033483580167418
0.03368679819170434,0.604636188023181
0.03389512718485031,0.604636188023181
0.03389512718485031,0.6052801030264006
0.03393679298347951,0.6052801030264006
0.03393679298347951,0.6065679330328396
0.0340409574800525,0.6065679330328396
0.0340409574800525,0.6078557630392788
0.034082623278681695,0.6078557630392788
0.034082623278681695,0.6084996780424984
0.03416595487594008,0.6084996780424984
0.03416595487594008,0.609143593045718
0.03418678777525468,0.609143593045718
0.03418678777525468,0.6097875080489376
0.03424928647319848,0.6097875080489376
0.03424928647319848,0.6117192530585963
0.03427011937251307,0.6117192530585963
0.03427011937251307,0.6123631680618158
0.03439511676840066,0.6123631680618158
0.03439511676840066,0.6130070830650354
0.03445761546634445,0.6130070830650354
0.03445761546634445,0.613650998068255
0.034582612862232034,0.613650998068255
0.034582612862232034,0.6149388280746941
0.03464511156017583,0.6149388280746941
0.03464511156017583,0.6155827430779137
0.03470761025811962,0.6155827430779137
0.03470761025811962,0.6162266580811333
0.03474927605674882,0.6162266580811333
0.03474927605674882,0.6168705730843529
0.034895106351951,0.6168705730843529
0.034895106351951,0.6175144880875725
0.0349367721505802,0.6175144880875725
0.0349367721505802,0.6181584030907921
0.03502010374783859,0.6181584030907921
0.03502010374783859,0.6194462330972311
0.03508260244578238,0.6194462330972311
0.03508260244578238,0.6207340631036703
0.035145101143726175,0.6207340631036703
0.035145101143726175,0.6239536381197682
0.03522843274098456,0.6239536381197682
0.03522843274098456,0.6245975531229878
0.03549926043207433,0.6245975531229878
0.03549926043207433,0.6252414681262073
0.03560342492864732,0.6252414681262073
0.03560342492864732,0.6265292981326465
0.03562425782796192,0.6265292981326465
0.03562425782796192,0.627173213135866
0.03568675652590571,0.627173213135866
0.03568675652590571,0.6278171281390856
0.03572842232453491,0.6278171281390856
0.03572842232453491,0.6284610431423052
0.0357492552238495,0.6284610431423052
0.0357492552238495,0.6291049581455248
0.035811753921793296,0.6291049581455248
0.035811753921793296,0.6297488731487444
0.0358325868211079,0.6297488731487444
0.0358325868211079,0.630392788151964
0.03585341972042249,0.630392788151964
0.03585341972042249,0.6323245331616226
0.035895085519051684,0.6323245331616226
0.035895085519051684,0.6329684481648422
0.036082581612883066,0.6329684481648422
0.036082581612883066,0.6336123631680618
0.03610341451219766,0.6336123631680618
0.03610341451219766,0.634900193174501
0.036186746109456054,0.634900193174501
0.036186746109456054,0.6361880231809401
0.036311743505343635,0.6361880231809401
0.036311743505343635,0.6368319381841597
0.036436740901231224,0.6368319381841597
0.036436740901231224,0.6374758531873793
0.036457573800545824,0.6374758531873793
0.036457573800545824,0.6381197681905988
0.03647840669986042,0.6381197681905988
0.03647840669986042,0.6387636831938184
0.036624236995062606,0.6387636831938184
0.036624236995062606,0.639407598197038
0.03668673569300639,0.639407598197038
0.03668673569300639,0.6400515132002575
0.03679090018957938,0.6400515132002575
0.03679090018957938,0.6413393432066967
0.03681173308889398,0.6413393432066967
0.03681173308889398,0.6419832582099163
0.036853398887523175,0.6419832582099163
0.036853398887523175,0.6445589182227945
0.036874231786837776,0.6445589182227945
0.036874231786837776,0.6452028332260141
0.03699922918272536,0.6452028332260141
0.03699922918272536,0.6471345782356729
0.03706172788066915,0.6471345782356729
0.03706172788066915,0.6477784932388925
0.03716589237724214,0.6477784932388925
0.03716589237724214,0.6484224082421121
0.03727005687381513,0.6484224082421121
0.03727005687381513,0.6490663232453316
0.03743672006833191,0.6490663232453316
0.03743672006833191,0.6497102382485512
0.0374992187662757,0.6497102382485512
0.0374992187662757,0.6503541532517708
0.037645049061477885,0.6503541532517708
0.037645049061477885,0.6509980682549903
0.03806170704776984,0.6509980682549903
0.03806170704776984,0.6516419832582099
0.03808253994708444,0.6516419832582099
0.03808253994708444,0.6522858982614295
0.03814503864502823,0.6522858982614295
0.03814503864502823,0.652929813264649
0.038186704443657425,0.652929813264649
0.038186704443657425,0.6535737282678686
0.03827003604091581,0.6535737282678686
0.03827003604091581,0.6542176432710882
0.03835336763817421,0.6542176432710882
0.03835336763817421,0.6548615582743078
0.038415866336117994,0.6548615582743078
0.038415866336117994,0.6555054732775274
0.03849919793337639,0.6555054732775274
0.03849919793337639,0.656149388280747
0.038707526926522365,0.656149388280747
0.038707526926522365,0.657437218287186
0.038728359825836965,0.657437218287186
0.038728359825836965,0.6580811332904056
0.03874919272515156,0.6580811332904056
0.03874919272515156,0.6587250482936252
0.03881169142309535,0.6587250482936252
0.03881169142309535,0.6593689632968448
0.03891585591966834,0.6593689632968448
0.03891585591966834,0.660656793303284
0.038978354617612135,0.660656793303284
0.038978354617612135,0.6613007083065036
0.03904085331555593,0.6613007083065036
0.03904085331555593,0.6619446233097231
0.039103352013499716,0.6619446233097231
0.039103352013499716,0.6632324533161623
0.03912418491281432,0.6632324533161623
0.03912418491281432,0.6638763683193818
0.03918668361075811,0.6638763683193818
0.03918668361075811,0.6645202833226014
0.03935334680527489,0.6645202833226014
0.03935334680527489,0.6658081133290406
0.039374179704589486,0.6658081133290406
0.039374179704589486,0.6664520283322601
0.039624174496364656,0.6664520283322601
0.039624174496364656,0.6670959433354797
0.03983250348951064,0.6670959433354797
0.03983250348951064,0.6677398583386993
0.03987416928813983,0.6677398583386993
0.03987416928813983,0.6683837733419189
0.039895002187454426,0.6683837733419189
0.039895002187454426,0.6696716033483581
0.03993666798608363,0.6696716033483581
0.03993666798608363,0.6703155183515775
0.0401033311806004,0.6703155183515775
0.0401033311806004,0.6709594333547971
0.040165829878544196,0.6709594333547971
0.040165829878544196,0.6716033483580167
0.040290827274431784,0.6716033483580167
0.040290827274431784,0.6722472633612363
0.040457490468948566,0.6722472633612363
0.040457490468948566,0.6728911783644559
0.04049915626757776,0.6728911783644559
0.04049915626757776,0.6735350933676755
0.04058248786483615,0.6735350933676755
0.04058248786483615,0.6741790083708951
0.04076998395866753,0.6741790083708951
0.04076998395866753,0.6748229233741146
0.04083248265661132,0.6748229233741146
0.04083248265661132,0.6754668383773342
0.0409991458511281,0.6754668383773342
0.0409991458511281,0.6767546683837733
0.0410408116497573,0.6767546683837733
0.0410408116497573,0.6780424983902125
0.04112414324701569,0.6780424983902125
0.04112414324701569,0.6806181584030908
0.041228307743588676,0.6806181584030908
0.041228307743588676,0.6812620734063104
0.04131163934084706,0.6812620734063104
0.04131163934084706,0.68190598840953
0.04137413803879086,0.68190598840953
0.04137413803879086,0.6825499034127496
0.04162413283056603,0.6825499034127496
0.04162413283056603,0.683193818415969
0.04164496572988063,0.683193818415969
0.04164496572988063,0.6838377334191886
0.041769963125768216,0.6838377334191886
0.041769963125768216,0.6844816484224082
0.04179079602508281,0.6844816484224082
0.04179079602508281,0.6851255634256278
0.0418532947230266,0.6851255634256278
0.0418532947230266,0.6857694784288474
0.0418741276223412,0.6857694784288474
0.0418741276223412,0.6883451384417257
0.04195745921959959,0.6883451384417257
0.04195745921959959,0.6889890534449453
0.04218662111206017,0.6889890534449453
0.04218662111206017,0.6896329684481648
0.042269952709318555,0.6896329684481648
0.042269952709318555,0.690920798454604
0.042415783004520737,0.690920798454604
0.042415783004520737,0.6922086284610431
0.04249911460177913,0.6922086284610431
0.04249911460177913,0.6928525434642627
0.04264494489698131,0.6928525434642627
0.04264494489698131,0.6941403734707019
0.04270744359492511,0.6941403734707019
0.04270744359492511,0.6947842884739215
0.0427699422928689,0.6947842884739215
0.0427699422928689,0.6954282034771411
0.042790775192183494,0.6954282034771411
0.042790775192183494,0.6960721184803605
0.042811608091498095,0.6960721184803605
0.042811608091498095,0.6967160334835801
0.04283244099081269,0.6967160334835801
0.04283244099081269,0.6973599484867997
0.04289493968875648,0.6973599484867997
0.04289493968875648,0.6980038634900193
0.043061602883273264,0.6980038634900193
0.043061602883273264,0.6986477784932389
0.04316576737984625,0.6986477784932389
0.04316576737984625,0.6992916934964585
0.043207433178475446,0.6992916934964585
0.043207433178475446,0.6999356084996781
0.04326993187641924,0.6999356084996781
0.04326993187641924,0.7018673535093368
0.04339492927230683,0.7018673535093368
0.04339492927230683,0.7031551835157759
0.043478260869565216,0.7031551835157759
0.043478260869565216,0.7044430135222151
0.04354075956750901,0.7044430135222151
0.04354075956750901,0.7050869285254346
0.043582425366138204,0.7050869285254346
0.043582425366138204,0.7057308435286542
0.0436657569633966,0.7057308435286542
0.0436657569633966,0.7063747585318738
0.04376992145996959,0.7063747585318738
0.04376992145996959,0.7070186735350934
0.04389491885585717,0.7070186735350934
0.04389491885585717,0.707662588538313
0.04391575175517177,0.707662588538313
0.04391575175517177,0.7083065035415326
0.04393658465448636,0.7083065035415326
0.04393658465448636,0.708950418544752
0.043999083352430156,0.708950418544752
0.043999083352430156,0.7095943335479716
0.04404074915105935,0.7095943335479716
0.04404074915105935,0.7102382485511912
0.04431157684214912,0.7102382485511912
0.04431157684214912,0.7108821635544108
0.044540738734609696,0.7108821635544108
0.044540738734609696,0.7115260785576304
0.04476990062707027,0.7115260785576304
0.04476990062707027,0.71216999356085
0.04489489802295785,0.71216999356085
0.04489489802295785,0.7141017385705087
0.044915730922272454,0.7141017385705087
0.044915730922272454,0.7147456535737282
0.045061561217474635,0.7147456535737282
0.045061561217474635,0.7160334835801674
0.04516572571404762,0.7160334835801674
0.04516572571404762,0.716677398583387
0.04520739151267682,0.716677398583387
0.04520739151267682,0.7173213135866066
0.04522822441199142,0.7173213135866066
0.04522822441199142,0.7179652285898261
0.04524905731130601,0.7179652285898261
0.04524905731130601,0.7186091435930457
0.045311556009249805,0.7186091435930457
0.045311556009249805,0.7192530585962653
0.04547821920376659,0.7192530585962653
0.04547821920376659,0.7198969735994849
0.04551988500239578,0.7198969735994849
0.04551988500239578,0.7205408886027045
0.04572821399554176,0.7205408886027045
0.04572821399554176,0.721184803605924
0.04581154559280015,0.721184803605924
0.04581154559280015,0.7218287186091435
0.045832378492114745,0.7218287186091435
0.045832378492114745,0.7231165486155827
0.045853211391429345,0.7231165486155827
0.045853211391429345,0.7237604636188023
0.04593654298868773,0.7237604636188023
0.04593654298868773,0.7244043786220219
0.0462073706797775,0.7244043786220219
0.0462073706797775,0.7250482936252415
0.04631153517635049,0.7250482936252415
0.04631153517635049,0.7256922086284611
0.04641569967292348,0.7256922086284611
0.04641569967292348,0.7263361236316807
0.046665694464698655,0.7263361236316807
0.046665694464698655,0.7269800386349002
0.046894856357159224,0.7269800386349002
0.046894856357159224,0.7282678686413393
0.04708235245099061,0.7282678686413393
0.04708235245099061,0.7289117836445589
0.0471240182496198,0.7289117836445589
0.0471240182496198,0.7295556986477785
0.047186516947563595,0.7295556986477785
0.047186516947563595,0.7308435286542176
0.047311514343451176,0.7308435286542176
0.047311514343451176,0.7314874436574372
0.04764484073248474,0.7314874436574372
0.04764484073248474,0.7321313586606568
0.047707339430428534,0.7321313586606568
0.047707339430428534,0.7327752736638764
0.04774900522905773,0.7327752736638764
0.04774900522905773,0.733419188667096
0.04791566842357451,0.733419188667096
0.04791566842357451,0.7340631036703155
0.04804066581946209,0.7340631036703155
0.04804066581946209,0.7353509336767546
0.04833232640986646,0.7353509336767546
0.04833232640986646,0.7366387636831938
0.04843649090643945,0.7366387636831938
0.04843649090643945,0.7372826786864134
0.04845732380575404,0.7372826786864134
0.04845732380575404,0.737926593689633
0.048498989604383244,0.737926593689633
0.048498989604383244,0.7385705086928526
0.04868648569821462,0.7385705086928526
0.04868648569821462,0.7392144236960722
0.04881148309410221,0.7392144236960722
0.04881148309410221,0.7405022537025112
0.048894814691360595,0.7405022537025112
0.048894814691360595,0.74243399871217
0.04904064498656278,0.74243399871217
0.04904064498656278,0.7437218287186091
0.04906147788587738,0.7437218287186091
0.04906147788587738,0.7443657437218287
0.04908231078519198,0.7443657437218287
0.04908231078519198,0.7450096587250483
0.04912397658382117,0.7450096587250483
0.04912397658382117,0.7475853187379266
0.049144809483135765,0.7475853187379266
0.049144809483135765,0.7482292337411461
0.04935313847628174,0.7482292337411461
0.04935313847628174,0.7488731487443657
0.04937397137559634,0.7488731487443657
0.04937397137559634,0.7495170637475853
0.0497281306639445,0.7495170637475853
0.0497281306639445,0.7501609787508049
0.04979062936188829,0.7501609787508049
0.04979062936188829,0.7508048937540245
0.049957292556405075,0.7508048937540245
0.049957292556405075,0.7527366387636832
0.05016562154955105,0.7527366387636832
0.05016562154955105,0.7540244687701223
0.05031145184475323,0.7540244687701223
0.05031145184475323,0.7546683837733419
0.050353117643382427,0.7546683837733419
0.050353117643382427,0.7553122987765615
0.050582279535843,0.7553122987765615
0.050582279535843,0.7566001287830006
0.0506447782337868,0.7566001287830006
0.0506447782337868,0.7572440437862202
0.05081144142830358,0.7572440437862202
0.05081144142830358,0.7578879587894398
0.05093643882419116,0.7578879587894398
0.05093643882419116,0.7585318737926594
0.05110310201870794,0.7585318737926594
0.05110310201870794,0.7598197037990985
0.05120726651528093,0.7598197037990985
0.05120726651528093,0.760463618802318
0.05122809941459553,0.760463618802318
0.05122809941459553,0.7611075338055376
0.05131143101185392,0.7611075338055376
0.05131143101185392,0.7617514488087572
0.0514572613070561,0.7617514488087572
0.0514572613070561,0.7623953638119768
0.0514780942063707,0.7623953638119768
0.0514780942063707,0.7630392788151964
0.051686423199516676,0.7630392788151964
0.051686423199516676,0.763683193818416
0.05170725609883128,0.763683193818416
0.05170725609883128,0.7643271088216356
0.051769754796775064,0.7643271088216356
0.051769754796775064,0.7649710238248552
0.051790587696089664,0.7649710238248552
0.051790587696089664,0.7656149388280747
0.052061415387179434,0.7656149388280747
0.052061415387179434,0.7662588538312942
0.05241557467552759,0.7662588538312942
0.05241557467552759,0.7669027688345138
0.052478073373471386,0.7669027688345138
0.052478073373471386,0.7688345138441726
0.05254057207141518,0.7688345138441726
0.05254057207141518,0.7694784288473921
0.05262390366867357,0.7694784288473921
0.05262390366867357,0.7707662588538313
0.052728068165246555,0.7707662588538313
0.052728068165246555,0.7720540888602705
0.052853065561134144,0.7720540888602705
0.052853065561134144,0.7733419188667096
0.05297806295702173,0.7733419188667096
0.05297806295702173,0.7739858338699291
0.052998895856336325,0.7739858338699291
0.052998895856336325,0.7746297488731487
0.05314472615153851,0.7746297488731487
0.05314472615153851,0.7752736638763683
0.05335305514468448,0.7752736638763683
0.05335305514468448,0.7759175788795879
0.05341555384262828,0.7759175788795879
0.05341555384262828,0.7765614938828075
0.05347805254057207,0.7765614938828075
0.05347805254057207,0.7772054088860271
0.05364471573508885,0.7772054088860271
0.05364471573508885,0.7778493238892467
0.05366554863440345,0.7778493238892467
0.05366554863440345,0.7784932388924662
0.05368638153371805,0.7784932388924662
0.05368638153371805,0.7791371538956857
0.05387387762754942,0.7791371538956857
0.05387387762754942,0.7797810688989053
0.05399887502343701,0.7797810688989053
0.05399887502343701,0.7804249839021249
0.054040540822066205,0.7804249839021249
0.054040540822066205,0.7817128139085641
0.05420720401658299,0.7817128139085641
0.05420720401658299,0.7823567289117836
0.05447803170767276,0.7823567289117836
0.05447803170767276,0.7830006439150032
0.05449886460698736,0.7830006439150032
0.05449886460698736,0.7836445589182228
0.054582196204245745,0.7836445589182228
0.054582196204245745,0.7842884739214424
0.05468636070081873,0.7842884739214424
0.05468636070081873,0.784932388924662
0.05481135809670632,0.784932388924662
0.05481135809670632,0.7855763039278815
0.05489468969396471,0.7855763039278815
0.05489468969396471,0.7875080489375402
0.05504051998916689,0.7875080489375402
0.05504051998916689,0.7881519639407598
0.05522801608299827,0.7881519639407598
0.05522801608299827,0.7887958789439794
0.05531134768025666,0.7887958789439794
0.05531134768025666,0.789439793947199
0.055915501760379994,0.789439793947199
0.055915501760379994,0.7900837089504186
0.05595716755900919,0.7900837089504186
0.05595716755900919,0.7907276239536382
0.05599883335763838,0.7907276239536382
0.05599883335763838,0.7920154539600772
0.056165496552155164,0.7920154539600772
0.056165496552155164,0.7926593689632968
0.05639465844461574,0.7926593689632968
0.05639465844461574,0.7933032839665164
0.0566654861357055,0.7933032839665164
0.0566654861357055,0.793947198969736
0.05681131643090769,0.793947198969736
0.05681131643090769,0.7952350289761752
0.056832149330222285,0.7952350289761752
0.056832149330222285,0.7958789439793947
0.05693631382679527,0.7958789439793947
0.05693631382679527,0.7965228589826143
0.05699881252473907,0.7965228589826143
0.05699881252473907,0.7971667739858339
0.05701964542405367,0.7971667739858339
0.05701964542405367,0.7978106889890535
0.05716547571925585,0.7978106889890535
0.05716547571925585,0.798454603992273
0.05731130601445803,0.798454603992273
0.05731130601445803,0.7990985189954926
0.057623799504176995,0.7990985189954926
0.057623799504176995,0.7997424339987121
0.05766546530280619,0.7997424339987121
0.05766546530280619,0.8003863490019317
0.05768629820212079,0.8003863490019317
0.05768629820212079,0.8010302640051513
0.05801962459115435,0.8010302640051513
0.05801962459115435,0.8016741790083709
0.05804045749046895,0.8016741790083709
0.05804045749046895,0.8023180940115905
0.058165454886356535,0.8023180940115905
0.058165454886356535,0.8029620090148101
0.05826961938292952,0.8029620090148101
0.05826961938292952,0.8036059240180297
0.058665444469906874,0.8036059240180297
0.058665444469906874,0.8042498390212492
0.05872794316785067,0.8042498390212492
0.05872794316785067,0.8048937540244687
0.05874877606716527,0.8048937540244687
0.05874877606716527,0.8061815840309079
0.05887377346305285,0.8061815840309079
0.05887377346305285,0.8068254990341275
0.058957105060311245,0.8068254990341275
0.058957105060311245,0.8074694140373471
0.05916543405345722,0.8074694140373471
0.05916543405345722,0.8087572440437862
0.0592904314493448,0.8087572440437862
0.0592904314493448,0.8094011590470058
0.059352930147288596,0.8094011590470058
0.059352930147288596,0.810688989053445
0.05939459594591779,0.810688989053445
0.05939459594591779,0.8119768190598841
0.05941542884523239,0.8119768190598841
0.05941542884523239,0.8126207340631036
0.05964459073769297,0.8126207340631036
0.05964459073769297,0.8132646490663232
0.05976958813358055,0.8132646490663232
0.05976958813358055,0.8139085640695428
0.059894585529468136,0.8139085640695428
0.059894585529468136,0.8145524790727624
0.059998750026041124,0.8145524790727624
0.059998750026041124,0.815196394075982
0.060957063394512616,0.815196394075982
0.060957063394512616,0.8158403090792016
0.061332055582175374,0.8158403090792016
0.061332055582175374,0.8164842240824212
0.06158205037395054,0.8164842240824212
0.06158205037395054,0.8171281390856407
0.06185287806504031,0.8171281390856407
0.06185287806504031,0.8177720540888602
0.061998708360242495,0.8177720540888602
0.061998708360242495,0.8184159690920798
0.062019541259557096,0.8184159690920798
0.062019541259557096,0.8190598840952994
0.06216537155475928,0.8190598840952994
0.06216537155475928,0.8203477141017386
0.06258202954105123,0.8203477141017386
0.06258202954105123,0.8209916291049582
0.0628111914335118,0.8209916291049582
0.0628111914335118,0.8216355441081777
0.06293618882939939,0.8216355441081777
0.06293618882939939,0.8222794591113973
0.06320701652048916,0.8222794591113973
0.06320701652048916,0.8229233741146169
0.06333201391637674,0.8229233741146169
0.06333201391637674,0.8235672891178365
0.06341534551363513,0.8235672891178365
0.06341534551363513,0.824211204121056
0.0636445074060957,0.824211204121056
0.0636445074060957,0.8254990341274951
0.0637070061040395,0.8254990341274951
0.0637070061040395,0.8261429491307147
0.06397783379512927,0.8261429491307147
0.06397783379512927,0.8267868641339343
0.06422782858690444,0.8267868641339343
0.06422782858690444,0.8274307791371539
0.06439449178142122,0.8274307791371539
0.06439449178142122,0.8280746941403735
0.0645194891773088,0.8280746941403735
0.0645194891773088,0.8287186091435931
0.0653736380492073,0.8287186091435931
0.0653736380492073,0.8293625241468127
0.06587362763275766,0.8293625241468127
0.06587362763275766,0.8300064391500322
0.06593612633070145,0.8300064391500322
0.06593612633070145,0.8306503541532517
0.06595695923001604,0.8306503541532517
0.06595695923001604,0.8312942691564713
0.06622778692110581,0.8312942691564713
0.06622778692110581,0.8319381841596909
0.066269452719735,0.8319381841596909
0.066269452719735,0.8325820991629105
0.06656111331013938,0.8325820991629105
0.06656111331013938,0.8338699291693497
0.06689443969917293,0.8338699291693497
0.06689443969917293,0.8345138441725692
0.06731109768546488,0.8345138441725692
0.06731109768546488,0.8351577591757888
0.06781108726901523,0.8351577591757888
0.06781108726901523,0.8358016741790084
0.06783192016832983,0.8358016741790084
0.06783192016832983,0.836445589182228
0.06793608466490282,0.836445589182228
0.06793608466490282,0.8370895041854475
0.06822774525530718,0.8370895041854475
0.06822774525530718,0.8377334191886671
0.06843607424845316,0.8377334191886671
0.06843607424845316,0.8383773341918866
0.06851940584571155,0.8383773341918866
0.06851940584571155,0.8390212491951062
0.06866523614091373,0.8390212491951062
0.06866523614091373,0.8396651641983258
0.06868606904022832,0.8396651641983258
0.06868606904022832,0.8403090792015454
0.06895689673131809,0.8403090792015454
0.06895689673131809,0.840952994204765
0.06912355992583488,0.840952994204765
0.06912355992583488,0.8415969092079846
0.06914439282514948,0.8415969092079846
0.06914439282514948,0.8422408242112042
0.06922772442240786,0.8422408242112042
0.06922772442240786,0.8428847392144238
0.06943605341555384,0.8428847392144238
0.06943605341555384,0.8435286542176432
0.0698735443011604,0.8435286542176432
0.0698735443011604,0.8441725692208628
0.07014437199225017,0.8441725692208628
0.07014437199225017,0.8448164842240824
0.07041519968333992,0.8448164842240824
0.07041519968333992,0.845460399227302
0.07045686548196912,0.845460399227302
0.07045686548196912,0.8461043142305216
0.07195683423262016,0.8461043142305216
0.07195683423262016,0.8467482292337412
0.07201933293056395,0.8467482292337412
0.07201933293056395,0.8473921442369607
0.07276931730588947,0.8473921442369607
0.07276931730588947,0.8480360592401803
0.07287348180246245,0.8480360592401803
0.07287348180246245,0.8486799742433999
0.07343597008395658,0.8486799742433999
0.07343597008395658,0.8493238892466195
0.07431095185516969,0.8493238892466195
0.07431095185516969,0.849967804249839
0.07489427303597841,0.849967804249839
0.07489427303597841,0.8506117192530586
0.07581092060582072,0.8506117192530586
0.07581092060582072,0.8512556342562781
0.07610258119622508,0.8512556342562781
0.07610258119622508,0.8518995492594977
0.07616507989416887,0.8518995492594977
0.07616507989416887,0.8525434642627173
0.07618591279348347,0.8525434642627173
0.07618591279348347,0.8531873792659369
0.07637340888731485,0.8531873792659369
0.07637340888731485,0.8538312942691565
0.07647757338388783,0.8538312942691565
0.07647757338388783,0.8544752092723761
0.07683173267223599,0.8544752092723761
0.07683173267223599,0.8551191242755957
0.07735255515510094,0.8551191242755957
0.07735255515510094,0.8564069542820347
0.0776233828461907,0.8564069542820347
0.0776233828461907,0.8570508692852543
0.07820670402699943,0.8570508692852543
0.07820670402699943,0.8576947842884739
0.07822753692631404,0.8576947842884739
0.07822753692631404,0.8583386992916935
0.07860252911397679,0.8583386992916935
0.07860252911397679,0.8589826142949131
0.07901918710026874,0.8589826142949131
0.07901918710026874,0.8596265292981327
0.08008166496531323,0.8596265292981327
0.08008166496531323,0.8602704443013522
0.08070665194475116,0.8602704443013522
0.08070665194475116,0.8609143593045718
0.08128997312555988,0.8609143593045718
0.08128997312555988,0.8615582743077914
0.08149830211870586,0.8615582743077914
0.08149830211870586,0.8622021893110109
0.08226911939334597,0.8622021893110109
0.08226911939334597,0.8628461043142305
0.08233161809128976,0.8628461043142305
0.08233161809128976,0.8634900193174501
0.08251911418512115,0.8634900193174501
0.08251911418512115,0.8641339343206696
0.08258161288306494,0.8641339343206696
0.08258161288306494,0.8647778493238892
0.08360242494948023,0.8647778493238892
0.08360242494948023,0.8654217643271088
0.08518572529738964,0.8654217643271088
0.08518572529738964,0.8660656793303284
0.08537322139122101,0.8660656793303284
0.08537322139122101,0.866709594333548
0.08566488198162538,0.866709594333548
0.08566488198162538,0.8673535093367676
0.08703985333638882,0.8673535093367676
0.08703985333638882,0.8679974243399872
0.0881439970000625,0.8679974243399872
0.0881439970000625,0.8686413393432066
0.08858148788566905,0.8686413393432066
0.08858148788566905,0.8692852543464262
0.08958146705276973,0.8692852543464262
0.08958146705276973,0.8699291693496458
0.08968563154934273,0.8699291693496458
0.08968563154934273,0.8705730843528654
0.09116476740067915,0.8705730843528654
0.09116476740067915,0.871216999356085
0.09178975438011708,0.871216999356085
0.09178975438011708,0.8718609143593046
0.1002895773004729,0.8718609143593046
0.1002895773004729,0.8725048293625242
0.10578946271952668,0.8725048293625242
0.10578946271952668,0.8731487443657437
0.11033103477010896,0.8731487443657437
0.11033103477010896,0.8737926593689633
0.11299764588237746,0.8737926593689633
0.11299764588237746,0.8744365743721829
0.11401845794879273,0.8744365743721829
0.11401845794879273,0.8750804893754024
0.11624757817545468,0.8750804893754024
0.11624757817545468,0.875724404378622
0.11683089935626341,0.875724404378622
0.11683089935626341,0.8763683193818416
0.12114330951438512,0.8763683193818416
0.12114330951438512,0.8770122343850612
0.12318493364721568,0.8770122343850612
0.12318493364721568,0.8776561493882807
0.12447657340472074,0.8776561493882807
0.12447657340472074,0.8783000643915003
0.1283306597779213,0.8783000643915003
0.1283306597779213,0.8789439793947199
0.1319139184600321,0.8789439793947199
0.1319139184600321,0.8795878943979395
0.1335805504051999,0.8795878943979395
0.1335805504051999,0.8802318094011591
0.13547634424282828,0.8802318094011591
0.13547634424282828,0.8808757244043787
0.13641382471198515,0.8808757244043787
0.13641382471198515,0.8815196394075981
0.13791379346263619,0.8815196394075981
0.13791379346263619,0.8821635544108177
0.13918460032082666,0.8821635544108177
0.13918460032082666,0.8828074694140373
0.13928876481739963,0.8828074694140373
0.13928876481739963,0.8834513844172569
0.14516364242411617,0.8834513844172569
0.14516364242411617,0.8840952994204765
0.14618445449053144,0.8840952994204765
0.14618445449053144,0.8847392144236961
0.14883023270348533,0.8847392144236961
0.14883023270348533,0.8853831294269157
0.14895523009937292,0.8853831294269157
0.14895523009937292,0.8860270444301352
0.1511010187287765,0.8860270444301352
0.1511010187287765,0.8866709594333548
0.15176767150684362,0.8866709594333548
0.15176767150684362,0.8873148744365744
0.15470511031020187,0.8873148744365744
0.15470511031020187,0.8879587894397939
0.15495510510197705,0.8879587894397939
0.15495510510197705,0.8886027044430135
0.1570383950334368,0.8886027044430135
0.1570383950334368,0.8892466194462331
0.16714235120101664,0.8892466194462331
0.16714235120101664,0.8898905344494527
0.1703714505947793,0.8898905344494527
0.1703714505947793,0.8905344494526722
0.17407970667277764,0.8905344494526722
0.17412137247140685,0.8905344494526722
0.18120455823837003,0.8905344494526722
0.18120455823837003,0.8911783644558918
0.18364200745817796,0.8911783644558918
0.18364200745817796,0.8918222794591114
0.19207933168059,0.8918222794591114
0.19207933168059,0.892466194462331
0.19305847794837608,0.892466194462331
0.19305847794837608,0.8931101094655506
0.19535009687298183,0.8931101094655506
0.19535009687298183,0.8937540244687702
0.1999333347221933,0.8937540244687702
0.1999333347221933,0.8943979394719896
0.20187079435845087,0.8943979394719896
0.20187079435845087,0.8950418544752092
0.20343326180704568,0.8950418544752092
0.20343326180704568,0.8956857694784288
0.20384991979333764,0.8956857694784288
0.20384991979333764,0.8963296844816484
0.20834982604529073,0.8963296844816484
0.20834982604529073,0.896973599484868
0.20997479219182932,0.896973599484868
0.20997479219182932,0.8976175144880876
0.2208078998354201,0.8976175144880876
0.2208078998354201,0.8982614294913072
0.2373492218912106,0.8982614294913072
0.2373492218912106,0.8989053444945267
0.23797420887064852,0.8989053444945267
0.23797420887064852,0.8995492594977463
0.24536988812733068,0.8995492594977463
0.24536988812733068,0.9001931745009659
0.2505572800566655,0.9001931745009659
0.2505572800566655,0.9008370895041854
0.2541197058394617,0.9008370895041854
0.2541197058394617,0.901481004507405
0.2581612883064936,0.901481004507405
0.2581612883064936,0.9021249195106246
0.2625778629611883,0.9021249195106246
0.2625778629611883,0.9027688345138442
0.268390241869961,0.9027688345138442
0.268390241869961,0.9034127495170637
0.27022353700964563,0.9034127495170637
0.27022353700964563,0.9040566645202833
0.2776817149642716,0.9040566645202833
0.2776817149642716,0.9047005795235029
0.27872335993000147,0.9047005795235029
0.27872335993000147,0.9053444945267225
0.2876815066352784,0.9053444945267225
0.2876815066352784,0.9059884095299421
0.2891398095873003,0.9059884095299421
0.2891398095873003,0.9066323245331617
0.29009812295577175,0.9066323245331617
0.29009812295577175,0.9072762395363811
0.2905356138413783,0.9072762395363811
0.2905356138413783,0.9079201545396007
0.29178558780025415,0.9079201545396007
0.29178558780025415,0.9085640695428203
0.2959313347638591,0.9085640695428203
0.2959313347638591,0.9092079845460399
0.3037645049061478,0.9092079845460399
0.303806170704777,0.9092079845460399
0.3045144892814733,0.9092079845460399
0.3045144892814733,0.9098518995492595
0.30768108997729215,0.9098518995492595
0.30768108997729215,0.9104958145524791
0.314160121664132,0.9104958145524791
0.314160121664132,0.9111397295556987
0.31549342722026624,0.9111397295556987
0.31549342722026624,0.9117836445589182
0.3168267327764005,0.9117836445589182
0.3168267327764005,0.9124275595621378
0.3338263786171121,0.9124275595621378
0.3338263786171121,0.9130714745653574
0.34022207870669363,0.9130714745653574
0.34022207870669363,0.9137153895685769
0.341805379054603,0.9137153895685769
0.34184704485323225,0.9137153895685769
0.34882606612362244,0.9137153895685769
0.34882606612362244,0.9143593045717965
0.3501385387804421,0.9143593045717965
0.3501385387804421,0.9150032195750161
0.3583675340097081,0.9150032195750161
0.3583675340097081,0.9156471345782357
0.36053415553842627,0.9156471345782357
0.36053415553842627,0.9162910495814552
0.36082581612883063,0.9162910495814552
0.36082581612883063,0.9169349645846748
0.3662840357492552,0.9169349645846748
0.3662840357492552,0.9175788795878944
0.36878398366700693,0.9175788795878944
0.36878398366700693,0.918222794591114
0.3782837857544635,0.918222794591114
0.3782837857544635,0.9188667095943336
0.37963792420991227,0.9188667095943336
0.37963792420991227,0.9195106245975532
0.38190871023520345,0.9195106245975532
0.38195037603383264,0.9195106245975532
0.38359617507968585,0.9195106245975532
0.38363784087831504,0.9195106245975532
0.39842919939167937,0.9195106245975532
0.39842919939167937,0.9201545396007726
0.39938751276015083,0.9201545396007726
0.39938751276015083,0.9207984546039922
0.4021791212683069,0.9207984546039922
0.4021791212683069,0.9214423696072118
0.4066373617216308,0.9214423696072118
0.4066373617216308,0.9220862846104314
0.4111789337722131,0.9220862846104314
0.4111789337722131,0.922730199613651
0.41574133872210994,0.922730199613651
0.41574133872210994,0.9233741146168706
0.4189704381158726,0.9233741146168706
0.4189704381158726,0.9240180296200902
0.42032457657132144,0.9240180296200902
0.42032457657132144,0.9246619446233098
0.4213037228391075,0.9246619446233098
0.4213037228391075,0.9253058596265293
0.42134538863773674,0.9253058596265293
0.42134538863773674,0.9259497746297489
0.42136622153705133,0.9259497746297489
0.42136622153705133,0.9265936896329684
0.424074498447949,0.9265936896329684
0.424074498447949,0.927237604636188
0.4288035665923627,0.927237604636188
0.4288035665923627,0.9278815196394076
0.42894939688756484,0.9278815196394076
0.42894939688756484,0.9285254346426272
0.43794920939147103,0.9285254346426272
0.43794920939147103,0.9291693496458467
0.43926168204829064,0.9291693496458467
0.43926168204829064,0.9298132646490663
0.43957417553800965,0.9298132646490663
0.43957417553800965,0.9304571796522859
0.4409908126914023,0.9304571796522859
0.4409908126914023,0.9311010946555055
0.44317826711943503,0.9311010946555055
0.44317826711943503,0.9317450096587251
0.4566988187746089,0.9317450096587251
0.4566988187746089,0.9323889246619447
0.4598029207724839,0.9323889246619447
0.4598029207724839,0.9330328396651641
0.47753171808920647,0.9330328396651641
0.47753171808920647,0.9336767546683837
0.48148996895898,0.9336767546683837
0.48148996895898,0.9343206696716033
0.48655236349242725,0.9343206696716033
0.48655236349242725,0.9349645846748229
0.4873023478677527,0.9349645846748229
0.4873023478677527,0.9356084996780425
0.48923980750401036,0.9356084996780425
0.48923980750401036,0.9362524146812621
0.4898022957855045,0.9362524146812621
0.4898022957855045,0.9368963296844817
0.49057311306014456,0.9368963296844817
0.49057311306014456,0.9375402446877013
0.49092727234849276,0.9375402446877013
0.49092727234849276,0.9381841596909208
0.4957188391908502,0.9381841596909208
0.4957188391908502,0.9388280746941404
0.5118643361596633,0.9388280746941404
0.5118643361596633,0.9394719896973599
0.5229682714943439,0.9394719896973599
0.5229682714943439,0.9401159047005795
0.5270723526593196,0.9401159047005795
0.5270723526593196,0.9407598197037991
0.5300097914626779,0.9407598197037991
0.5300514572613071,0.9407598197037991
0.5321347471927668,0.9407598197037991
0.5321347471927668,0.9414037347070187
0.5341138726276536,0.9414037347070187
0.5341138726276536,0.9420476497102382
0.5383012853898878,0.9420476497102382
0.5383012853898878,0.9426915647134578
0.5383846169871461,0.9426915647134578
0.5383846169871461,0.9433354797166774
0.5412178912939314,0.9433354797166774
0.5412178912939314,0.943979394719897
0.5481969125643216,0.943979394719897
0.5481969125643216,0.9446233097231166
0.5484260744567822,0.9446233097231166
0.5484260744567822,0.9452672247263362
0.5519676673402637,0.9452672247263362
0.5519676673402637,0.9459111397295557
0.5611549759380013,0.9459111397295557
0.5611549759380013,0.9465550547327752
0.5643424095331347,0.9465550547327752
0.5643424095331347,0.9471989697359948
0.5790921022478699,0.9471989697359948
0.5790921022478699,0.9478428847392144
0.5861961209141476,0.9478428847392144
0.5861961209141476,0.948486799742434
0.5863211183100352,0.948486799742434
0.5863211183100352,0.9491307147456536
0.591091852253078,0.9491307147456536
0.591091852253078,0.9497746297488732
0.5921334972188079,0.9497746297488732
0.5921334972188079,0.9504185447520928
0.5942584529488969,0.9504185447520928
0.5942584529488969,0.9510624597553123
0.5956750901022896,0.9510624597553123
0.5956750901022896,0.9517063747585319
0.6037582550363534,0.9517063747585319
0.6037582550363534,0.9523502897617514
0.603987416928814,0.9523502897617514
0.603987416928814,0.952994204764971
0.6065498635445095,0.952994204764971
0.6065498635445095,0.9536381197681906
0.6086123205766547,0.9536381197681906
0.6086123205766547,0.9542820347714102
0.6166538197120893,0.9542820347714102
0.6166538197120893,0.9549259497746297
0.6167788171079769,0.9549259497746297
0.6167788171079769,0.9555698647778493
0.6294868856898814,0.9555698647778493
0.6294868856898814,0.9562137797810689
0.6329243140767901,0.9562137797810689
0.6329243140767901,0.9568576947842885
0.637070061040395,0.9568576947842885
0.6371117268390242,0.9568576947842885
0.641007479010854,0.9568576947842885
0.6410491448094832,0.9568576947842885
0.6455282181621216,0.9568576947842885
0.6455282181621216,0.9575016097875081
0.6493614716360075,0.9575016097875081
0.6493614716360075,0.9581455247907277
0.6507989416887148,0.9581455247907277
0.6507989416887148,0.9587894397939472
0.6553821795379263,0.9587894397939472
0.6553821795379263,0.9594333547971667
0.6600904147830253,0.9594333547971667
0.6600904147830253,0.9600772698003863
0.6658402949938543,0.9600772698003863
0.6658402949938543,0.9607211848036059
0.6749234390950188,0.9607211848036059
0.6749234390950188,0.9613650998068255
0.6749859377929627,0.9613650998068255
0.6749859377929627,0.9620090148100451
0.6770483948251078,0.9620090148100451
0.6770483948251078,0.9626529298132647
0.6788191912668486,0.9626529298132647
0.6788191912668486,0.9639407598197038
0.6796733401387471,0.9639407598197038
0.6796733401387471,0.9645846748229234
0.6803191600174996,0.9645846748229234
0.6803191600174996,0.9652285898261429
0.6811108101914544,0.9652285898261429
0.6811108101914544,0.9658725048293625
0.6902564529905627,0.9658725048293625
0.6902564529905627,0.9665164198325821
0.6907564425741131,0.9665164198325821
0.6907564425741131,0.9671603348358017
0.6915897585466969,0.9671603348358017
0.6915897585466969,0.9678042498390212
0.6921105810295619,0.9678042498390212
0.6921105810295619,0.9684481648422408
0.6940272077665048,0.9684481648422408
0.6940272077665048,0.9690920798454604
0.6943397012562238,0.9690920798454604
0.6943397012562238,0.96973599484868
0.6967354846774025,0.96973599484868
0.6967354846774025,0.9703799098518996
0.7002562446615695,0.9703799098518996
0.7002562446615695,0.9710238248551192
0.7030270202704111,0.9710238248551192
0.7030270202704111,0.9716677398583387
0.703443678256703,0.9716677398583387
0.703443678256703,0.9723116548615582
0.7038603362429949,0.9723116548615582
0.7038603362429949,0.9729555698647778
0.7112351826003624,0.9729555698647778
0.7112351826003624,0.9735994848679974
0.7151101018728776,0.9735994848679974
0.7151101018728776,0.974243399871217
0.7165475719255849,0.974243399871217
0.7165475719255849,0.9748873148744366
0.7174850523947418,0.9748873148744366
0.7174850523947418,0.9755312298776562
0.7224849482302452,0.9755312298776562
0.7224849482302452,0.9761751448808758
0.7289848128163997,0.9761751448808758
0.7289848128163997,0.9768190598840953
0.7318805858211287,0.9768190598840953
0.7318805858211287,0.9774629748873149
0.7360054998854191,0.9774629748873149
0.7360054998854191,0.9781068898905344
0.7379429595216767,0.9781068898905344
0.7379429595216767,0.978750804893754
0.7420470406866524,0.978750804893754
0.7420470406866524,0.9793947198969736
0.7447761504968646,0.9793947198969736
0.7447761504968646,0.9800386349001932
0.7486094039707506,0.9800386349001932
0.7486094039707506,0.9806825499034127
0.7523593258473782,0.9806825499034127
0.7523593258473782,0.9813264649066323
0.7539634590946022,0.9813264649066323
0.7539634590946022,0.9819703799098519
0.7579842086623195,0.9819703799098519
0.7579842086623195,0.9826142949130715
0.7582550363534093,0.9826142949130715
0.7582550363534093,0.9832582099162911
0.764484073248474,0.9832582099162911
0.764484073248474,0.9839021249195107
0.7701089560634153,0.9839021249195107
0.7701089560634153,0.9845460399227302
0.770442282452449,0.9845460399227302
0.770442282452449,0.9851899549259497
0.7710464365325722,0.9851899549259497
0.7710464365325722,0.9858338699291693
0.7715672590154372,0.9858338699291693
0.7715672590154372,0.9864777849323889
0.7762546613612217,0.9864777849323889
0.7762546613612217,0.9871216999356085
0.776546321951626,0.9871216999356085
0.776546321951626,0.9877656149388281
0.7892543905335305,0.9877656149388281
0.7892543905335305,0.9884095299420477
0.7894210537280474,0.9884095299420477
0.7894210537280474,0.9890534449452673
0.7896918814191372,0.9890534449452673
0.7896918814191372,0.9896973599484868
0.7930043124101581,0.9896973599484868
0.7930043124101581,0.9903412749517064
0.7967125684881565,0.9903412749517064
0.7967125684881565,0.9909851899549259
0.8073373471386013,0.9909851899549259
0.8073373471386013,0.9916291049581455
0.8120039165850711,0.9916291049581455
0.8120039165850711,0.9922730199613651
0.8125455719672506,0.9922730199613651
0.8125455719672506,0.9929169349645847
0.8159205016562155,0.9929169349645847
0.8159205016562155,0.9935608499678042
0.8212953896793816,0.9935608499678042
0.8212953896793816,0.9942047649710238
0.8224828649403138,0.9942047649710238
0.8224828649403138,0.9948486799742434
0.8267536092998062,0.9948486799742434
0.8267536092998062,0.995492594977463
0.827232765984042,0.995492594977463
0.827232765984042,0.9961365099806826
0.8294410533113894,0.9961365099806826
0.8294410533113894,0.9967804249839022
0.834274285952376,0.9967804249839022
0.834274285952376,0.9974243399871217
0.8394825107810254,0.9974243399871217
0.8394825107810254,0.9980682549903412
0.8413366388200246,0.9980682549903412
0.8413366388200246,0.9987121699935608
0.8433365971542259,0.9987121699935608
0.8433365971542259,0.9993560849967804
0.8454823857836296,0.9993560849967804
0.8454823857836296,1.0
0.8510656027999417,1.0
0.8511072685985709,1.0
0.8532530572279744,1.0
0.8532947230266036,1.0
0.853482219120435,1.0
0.8535447178183788,1.0
0.8536072165163225,1.0
0.8536488823149517,1.0
0.8563988250244786,1.0
0.8564404908231078,1.0
0.8674819274598445,1.0
0.8675235932584738,1.0
0.9330430616028833,1.0
0.9330847274015125,1.0
0.949105226974438,1.0
0.9491468927730672,1.0
0.956980062915356,1.0
0.9570217287139852,1.0
0.95858419616258,1.0
0.9586258619612091,1.0
0.9632715985083644,1.0
0.9633132643069936,1.0
0.9636674235953417,1.0
0.9637090893939709,1.0
0.9638549196891731,1.0
0.963917418387117,1.0
0.9640215828836899,1.0
0.9640632486823191,1.0
0.9657090477281723,1.0
0.9657507135268015,1.0
0.9657923793254307,1.0
0.9658340451240599,1.0
0.9662507031103519,1.0
0.9662923689089811,1.0
0.9697089643965751,1.0
0.9697506301952042,1.0
0.9735838836690902,1.0
0.9736255494677194,1.0
0.9739172100581238,1.0
0.973958875856753,1.0
0.9740213745546967,1.0
0.974063040353326,1.0
0.9745421970375617,1.0
0.9745838628361909,1.0
0.9755421762046624,1.0
0.9755838420032916,1.0
0.9766046540697069,1.0
0.976646319868336,1.0
0.9771671423512011,1.0
0.9772088081498302,1.0
0.977271306847774,1.0
0.9773129726464032,1.0
0.9789587716922564,1.0
0.9790004374908856,1.0
0.9790421032895148,1.0
0.979083769088144,1.0
0.9794170954771776,1.0
0.9794587612758068,1.0
0.9798962521614133,1.0
0.9799379179600425,1.0
0.9814170538113789,1.0
0.9814587196100081,1.0
0.9816670486031541,1.0
0.9817087144017833,1.0
0.9823962000791651,1.0
0.9824378658777942,1.0
0.9825836961729963,1.0
0.9826253619716256,1.0
0.9827711922668277,1.0
0.9828128580654569,1.0
0.9832920147496927,1.0
0.9833336805483219,1.0
0.9840419991250182,1.0
0.9840836649236474,1.0
0.987729422303702,1.0
0.9877710881023312,1.0
0.9879794170954772,1.0
0.9880210828941064,1.0
0.9895002187454428,1.0
0.989541884544072,1.0
0.989854378033791,1.0
0.9898960438324201,1.0
1.0,1.0
